inventory_id,car_id,production_year,fuel_type,store_id,purchase_price,sell_price,create_date,last_update,license_plates
1,4,2016,Petrol,5,60900.00,42630.00,2016-01-01 00:00:00,2018-01-01 00:00:00,PZ857AK
2,1,2016,Petrol,5,64900.00,45430.00,2016-01-01 00:00:00,2018-01-01 00:00:00,PZ789JL
3,5,2016,Petrol,4,87900.00,61529.00,2016-01-01 00:00:00,2018-01-01 00:00:00,PZ401UY
4,3,2016,Petrol,9,59000.00,41300.00,2016-01-01 00:00:00,2018-01-01 00:00:00,PZ829DM
5,7,2016,Petrol,2,102000.00,71400.00,2016-01-01 00:00:00,2018-01-01 00:00:00,PZ836NT
6,5,2016,Petrol,11,87900.00,61529.00,2016-01-01 00:00:00,2018-01-01 00:00:00,PZ929DQ
7,11,2016,Diesel,8,178200.00,124739.00,2016-01-01 00:00:00,2018-01-01 00:00:00,PZ908CL
8,5,2016,Diesel,12,87900.00,61529.00,2016-01-01 00:00:00,2018-01-01 00:00:00,PZ320OM
9,6,2016,Petrol,15,76000.00,53200.00,2016-01-01 00:00:00,2018-01-01 00:00:00,PZ246KR
10,12,2016,Diesel,10,130200.00,91140.00,2016-01-01 00:00:00,2018-01-01 00:00:00,PZ995CI
11,7,2016,Petrol,11,102000.00,71400.00,2016-01-01 00:00:00,2018-01-01 00:00:00,PZ938NH
12,12,2016,Petrol,14,130200.00,91140.00,2016-01-01 00:00:00,2018-01-01 00:00:00,PZ391AF
13,11,2016,Diesel,9,178200.00,124739.00,2016-01-01 00:00:00,2018-01-01 00:00:00,PZ923TT
14,3,2016,Diesel,12,59000.00,41300.00,2016-01-01 00:00:00,2018-01-01 00:00:00,PZ293YU
15,1,2016,Diesel,4,64900.00,45430.00,2016-01-01 00:00:00,2018-01-01 00:00:00,PZ731QV
16,9,2016,Petrol,2,95400.00,66780.00,2016-01-01 00:00:00,2018-01-01 00:00:00,PZ695HV
17,1,2016,Petrol,15,64900.00,45430.00,2016-01-01 00:00:00,2018-01-01 00:00:00,PZ670GS
18,2,2016,Petrol,10,52500.00,36750.00,2016-01-01 00:00:00,2018-01-01 00:00:00,PZ927NT
19,5,2016,Petrol,14,87900.00,61529.00,2016-01-01 00:00:00,2018-01-01 00:00:00,PZ315ZP
20,4,2016,Diesel,5,60900.00,42630.00,2016-01-01 00:00:00,2018-01-01 00:00:00,PZ708VG
21,8,2016,Petrol,11,140700.00,98490.00,2016-01-01 00:00:00,2018-01-01 00:00:00,PZ156TP
22,4,2016,Petrol,13,60900.00,42630.00,2016-01-01 00:00:00,2018-01-01 00:00:00,PZ144ML
23,10,2016,Petrol,4,102000.00,71400.00,2016-01-01 00:00:00,2018-01-01 00:00:00,PZ652PC
24,4,2016,Diesel,8,60900.00,42630.00,2016-01-01 00:00:00,2018-01-01 00:00:00,PZ855WQ
25,1,2016,Diesel,6,64900.00,45430.00,2016-01-01 00:00:00,2018-01-01 00:00:00,PZ415YD
26,9,2016,Diesel,13,95400.00,66780.00,2016-01-01 00:00:00,2018-01-01 00:00:00,PZ703XB
27,1,2016,Diesel,7,64900.00,45430.00,2016-01-01 00:00:00,2018-01-01 00:00:00,PZ630AH
28,11,2016,Petrol,10,178200.00,124739.00,2016-01-01 00:00:00,2018-01-01 00:00:00,PZ659CP
29,12,2016,Diesel,1,130200.00,91140.00,2016-01-01 00:00:00,2018-01-01 00:00:00,PZ841QU
30,9,2016,Petrol,6,95400.00,66780.00,2016-01-01 00:00:00,2018-01-01 00:00:00,PZ267HD
31,2,2016,Petrol,15,52500.00,36750.00,2016-01-01 00:00:00,2018-01-01 00:00:00,PZ461MZ
32,5,2016,Diesel,8,87900.00,61529.00,2016-01-01 00:00:00,2018-01-01 00:00:00,PZ677OH
33,2,2016,Petrol,4,52500.00,36750.00,2016-01-01 00:00:00,2018-02-01 00:00:00,PZ933HJ
34,4,2016,Petrol,10,60900.00,42630.00,2016-01-01 00:00:00,2018-02-01 00:00:00,PZ773QK
35,8,2016,Diesel,6,140700.00,98490.00,2016-01-01 00:00:00,2018-02-01 00:00:00,PZ828ZB
36,10,2016,Petrol,2,102000.00,71400.00,2016-01-01 00:00:00,2018-02-01 00:00:00,PZ348LW
37,11,2016,Diesel,1,178200.00,124739.00,2016-01-01 00:00:00,2018-02-01 00:00:00,PZ747CT
38,5,2016,Petrol,8,87900.00,61529.00,2016-01-01 00:00:00,2018-01-01 00:00:00,PZ683BZ
39,7,2016,Petrol,12,102000.00,71400.00,2016-01-01 00:00:00,2018-02-01 00:00:00,PZ779HE
40,12,2016,Petrol,15,130200.00,91140.00,2016-01-01 00:00:00,2018-02-01 00:00:00,PZ221YA
41,10,2016,Diesel,4,102000.00,71400.00,2016-01-01 00:00:00,2018-02-01 00:00:00,PZ140AC
42,2,2016,Diesel,14,52500.00,36750.00,2016-01-01 00:00:00,2018-01-01 00:00:00,PZ872NF
43,10,2016,Petrol,2,102000.00,71400.00,2016-01-01 00:00:00,2018-02-01 00:00:00,PZ571LW
44,2,2016,Diesel,15,52500.00,36750.00,2016-01-01 00:00:00,2018-02-01 00:00:00,PZ973DN
45,9,2016,Petrol,15,95400.00,66780.00,2016-01-01 00:00:00,2018-02-01 00:00:00,PZ726TB
46,12,2016,Diesel,4,130200.00,91140.00,2016-01-01 00:00:00,2018-01-01 00:00:00,PZ835CS
47,12,2016,Diesel,13,130200.00,91140.00,2016-01-01 00:00:00,2018-02-01 00:00:00,PZ689CF
48,5,2016,Diesel,13,87900.00,61529.00,2016-01-01 00:00:00,2018-02-01 00:00:00,PZ771WR
49,6,2016,Petrol,14,76000.00,53200.00,2016-01-01 00:00:00,2018-02-01 00:00:00,PZ140JA
50,11,2016,Petrol,10,178200.00,124739.00,2016-01-01 00:00:00,2018-02-01 00:00:00,PZ491YY
51,12,2016,Petrol,4,130200.00,91140.00,2016-01-01 00:00:00,2018-02-01 00:00:00,PZ903DN
52,2,2016,Petrol,11,52500.00,36750.00,2016-01-01 00:00:00,2018-02-01 00:00:00,PZ135FM
53,12,2016,Diesel,6,130200.00,91140.00,2016-01-01 00:00:00,2018-01-01 00:00:00,PZ104TF
54,12,2016,Diesel,3,130200.00,91140.00,2016-01-01 00:00:00,2018-02-01 00:00:00,PZ986SC
55,9,2016,Petrol,15,95400.00,66780.00,2016-01-01 00:00:00,2018-02-01 00:00:00,PZ149QO
56,11,2016,Petrol,2,178200.00,124739.00,2016-01-01 00:00:00,2018-02-01 00:00:00,PZ458FO
57,7,2016,Petrol,3,102000.00,71400.00,2016-01-01 00:00:00,2018-02-01 00:00:00,PZ209YC
58,5,2016,Diesel,1,87900.00,61529.00,2016-01-01 00:00:00,2018-02-01 00:00:00,PZ852YE
59,1,2016,Diesel,7,64900.00,45430.00,2016-01-01 00:00:00,2018-01-01 00:00:00,PZ882OW
60,2,2016,Petrol,7,52500.00,36750.00,2016-01-01 00:00:00,2018-02-01 00:00:00,PZ817IW
61,4,2016,Petrol,1,60900.00,42630.00,2016-01-01 00:00:00,2018-02-01 00:00:00,PZ826FX
62,1,2016,Petrol,8,64900.00,45430.00,2016-01-01 00:00:00,2018-02-01 00:00:00,PZ405OZ
63,10,2016,Petrol,4,102000.00,71400.00,2016-01-01 00:00:00,2018-02-01 00:00:00,PZ443CN
64,5,2016,Diesel,13,87900.00,61529.00,2016-01-01 00:00:00,2018-02-01 00:00:00,PZ377PG
65,9,2016,Diesel,13,95400.00,66780.00,2016-01-01 00:00:00,2018-01-01 00:00:00,PZ769EI
66,8,2016,Petrol,12,140700.00,98490.00,2016-01-01 00:00:00,2018-02-01 00:00:00,PZ660QM
67,9,2016,Diesel,9,95400.00,66780.00,2016-01-01 00:00:00,2018-01-01 00:00:00,PZ102TQ
68,10,2016,Petrol,4,102000.00,71400.00,2016-01-01 00:00:00,2018-02-01 00:00:00,PZ266FZ
69,11,2016,Diesel,11,178200.00,124739.00,2016-01-01 00:00:00,2018-02-01 00:00:00,PZ999GI
70,10,2016,Diesel,10,102000.00,71400.00,2016-01-01 00:00:00,2018-02-01 00:00:00,PZ966ER
71,1,2016,Petrol,12,64900.00,45430.00,2016-01-01 00:00:00,2018-02-01 00:00:00,PZ875VN
72,5,2016,Petrol,2,87900.00,61529.00,2016-01-01 00:00:00,2018-01-01 00:00:00,PZ964BJ
73,9,2016,Petrol,13,95400.00,66780.00,2016-01-01 00:00:00,2018-02-01 00:00:00,PZ893EH
74,3,2016,Diesel,14,59000.00,41300.00,2016-01-01 00:00:00,2018-02-01 00:00:00,PZ390BT
75,2,2016,Diesel,8,52500.00,36750.00,2016-01-01 00:00:00,2018-01-01 00:00:00,PZ441WV
76,1,2016,Petrol,5,64900.00,45430.00,2016-01-01 00:00:00,2018-01-01 00:00:00,PZ511NQ
77,3,2016,Petrol,7,59000.00,41300.00,2016-01-01 00:00:00,2018-02-01 00:00:00,PZ335GY
78,12,2016,Diesel,11,130200.00,91140.00,2016-01-01 00:00:00,2018-01-01 00:00:00,PZ160OC
79,4,2016,Diesel,8,60900.00,42630.00,2016-01-01 00:00:00,2018-02-01 00:00:00,PZ568CR
80,7,2016,Petrol,10,102000.00,71400.00,2016-01-01 00:00:00,2018-02-01 00:00:00,PZ713QX
81,2,2016,Diesel,10,52500.00,36750.00,2016-01-01 00:00:00,2018-02-01 00:00:00,PZ365XO
82,1,2016,Petrol,5,64900.00,45430.00,2016-01-01 00:00:00,2018-02-01 00:00:00,PZ893ZI
83,8,2016,Diesel,5,140700.00,98490.00,2016-01-01 00:00:00,2018-02-01 00:00:00,PZ524YF
84,8,2016,Diesel,11,140700.00,98490.00,2016-01-01 00:00:00,2018-02-01 00:00:00,PZ913ZW
85,10,2016,Diesel,10,102000.00,71400.00,2016-01-01 00:00:00,2018-02-01 00:00:00,PZ952FW
86,3,2016,Petrol,15,59000.00,41300.00,2016-01-01 00:00:00,2018-02-01 00:00:00,PZ133HT
87,9,2016,Petrol,3,95400.00,66780.00,2016-01-01 00:00:00,2018-01-01 00:00:00,PZ484XL
88,9,2016,Petrol,6,95400.00,66780.00,2016-01-01 00:00:00,2018-01-01 00:00:00,PZ406UB
89,8,2016,Petrol,13,140700.00,98490.00,2016-01-01 00:00:00,2018-02-01 00:00:00,PZ958FC
90,4,2016,Diesel,4,60900.00,42630.00,2016-01-01 00:00:00,2018-02-01 00:00:00,PZ214KK
91,7,2016,Diesel,12,102000.00,71400.00,2016-01-01 00:00:00,2018-02-01 00:00:00,PZ426WI
92,4,2016,Diesel,8,60900.00,42630.00,2016-01-01 00:00:00,2018-02-01 00:00:00,PZ716BG
93,10,2016,Diesel,8,102000.00,71400.00,2016-01-01 00:00:00,2018-01-01 00:00:00,PZ559EQ
94,6,2016,Petrol,11,76000.00,53200.00,2016-01-01 00:00:00,2018-02-01 00:00:00,PZ985KC
95,12,2016,Petrol,11,130200.00,91140.00,2016-01-01 00:00:00,2018-02-01 00:00:00,PZ501ZO
96,6,2016,Petrol,6,76000.00,53200.00,2016-01-01 00:00:00,2018-02-01 00:00:00,PZ399QZ
97,4,2016,Petrol,6,60900.00,42630.00,2016-01-01 00:00:00,2018-02-01 00:00:00,PZ860VF
98,5,2016,Petrol,2,87900.00,61529.00,2016-01-01 00:00:00,2018-02-01 00:00:00,PZ942AJ
99,7,2016,Petrol,9,102000.00,71400.00,2016-01-01 00:00:00,2018-01-01 00:00:00,PZ660IM
100,9,2016,Petrol,6,95400.00,66780.00,2016-01-01 00:00:00,2018-02-01 00:00:00,PZ715XF
101,9,2016,Diesel,14,95400.00,66780.00,2016-01-01 00:00:00,2018-02-01 00:00:00,PZ457NG
102,5,2016,Petrol,15,87900.00,61529.00,2016-01-01 00:00:00,2018-02-01 00:00:00,PZ991PU
103,5,2016,Diesel,11,87900.00,61529.00,2016-01-01 00:00:00,2018-02-01 00:00:00,PZ389JY
104,10,2016,Petrol,6,102000.00,71400.00,2016-01-01 00:00:00,2018-02-01 00:00:00,PZ928VX
105,9,2016,Diesel,13,95400.00,66780.00,2016-01-01 00:00:00,2018-02-01 00:00:00,PZ890PP
106,3,2016,Diesel,15,59000.00,41300.00,2016-01-01 00:00:00,2018-01-01 00:00:00,PZ669RJ
107,8,2016,Diesel,10,140700.00,98490.00,2016-01-01 00:00:00,2018-02-01 00:00:00,PZ866SE
108,6,2016,Diesel,13,76000.00,53200.00,2016-01-01 00:00:00,2018-02-01 00:00:00,PZ920KG
109,2,2016,Diesel,2,52500.00,36750.00,2016-01-01 00:00:00,2018-02-01 00:00:00,PZ355DZ
110,5,2016,Diesel,12,87900.00,61529.00,2016-01-01 00:00:00,2018-01-01 00:00:00,PZ240YI
111,3,2016,Diesel,1,59000.00,41300.00,2016-01-01 00:00:00,2018-01-01 00:00:00,PZ851JU
112,1,2016,Diesel,2,64900.00,45430.00,2016-01-01 00:00:00,2018-02-01 00:00:00,PZ737PH
113,8,2016,Diesel,13,140700.00,98490.00,2016-01-01 00:00:00,2018-02-01 00:00:00,PZ185BE
114,9,2016,Petrol,8,95400.00,66780.00,2016-01-01 00:00:00,2018-02-01 00:00:00,PZ136RE
115,8,2016,Diesel,4,140700.00,98490.00,2016-01-01 00:00:00,2018-02-01 00:00:00,PZ104BT
116,11,2016,Petrol,14,178200.00,124739.00,2016-01-01 00:00:00,2018-02-01 00:00:00,PZ314YV
117,10,2016,Petrol,4,102000.00,71400.00,2016-01-01 00:00:00,2018-01-01 00:00:00,PZ527DN
118,1,2016,Petrol,14,64900.00,45430.00,2016-01-01 00:00:00,2018-02-01 00:00:00,PZ383ZL
119,3,2016,Petrol,14,59000.00,41300.00,2016-01-01 00:00:00,2018-02-01 00:00:00,PZ836NJ
120,3,2016,Petrol,6,59000.00,41300.00,2016-01-01 00:00:00,2018-02-01 00:00:00,PZ192DF
121,2,2016,Petrol,1,52500.00,36750.00,2016-01-01 00:00:00,2018-02-01 00:00:00,PZ375IB
122,3,2016,diesle,1,59000.00,41300.00,2016-01-01 00:00:00,2018-02-01 00:00:00,PZ168ZP
123,2,2016,Petrol,6,52500.00,36750.00,2016-01-01 00:00:00,2018-01-01 00:00:00,PZ744XR
124,8,2016,Diesel,6,140700.00,98490.00,2016-01-01 00:00:00,2018-02-01 00:00:00,PZ752JC
125,12,2016,Diesel,4,130200.00,91140.00,2016-01-01 00:00:00,2018-02-01 00:00:00,PZ267XX
126,9,2016,Diesel,10,95400.00,66780.00,2016-01-01 00:00:00,2018-02-01 00:00:00,PZ800DC
127,6,2016,Petrol,13,76000.00,53200.00,2016-01-01 00:00:00,2018-02-01 00:00:00,PZ967RZ
128,7,2016,Diesel,10,102000.00,71400.00,2016-01-01 00:00:00,2018-02-01 00:00:00,PZ233EA
129,10,2016,Petrol,9,102000.00,71400.00,2016-01-01 00:00:00,2018-02-01 00:00:00,PZ225XO
130,10,2016,Diesel,13,102000.00,71400.00,2016-01-01 00:00:00,2018-02-01 00:00:00,PZ654VS
131,9,2016,Petrol,3,95400.00,66780.00,2016-01-01 00:00:00,2018-01-01 00:00:00,PZ839YG
132,5,2016,Diesel,2,87900.00,61529.00,2016-01-01 00:00:00,2018-02-01 00:00:00,PZ625KT
133,7,2016,Diesel,11,102000.00,71400.00,2016-01-01 00:00:00,2018-02-01 00:00:00,PZ644HT
134,6,2016,Diesel,11,76000.00,53200.00,2016-01-01 00:00:00,2018-02-01 00:00:00,PZ391XD
135,11,2016,Diesel,14,178200.00,124739.00,2016-01-01 00:00:00,2018-01-01 00:00:00,PZ215QK
136,4,2016,Petrol,12,60900.00,42630.00,2016-01-01 00:00:00,2018-02-01 00:00:00,PZ960EJ
137,9,2016,Petrol,2,95400.00,66780.00,2016-01-01 00:00:00,2018-02-01 00:00:00,PZ450GK
138,12,2016,Diesel,7,130200.00,91140.00,2016-01-01 00:00:00,2018-01-01 00:00:00,PZ326IV
139,10,2016,Petrol,8,102000.00,71400.00,2016-01-01 00:00:00,2018-02-01 00:00:00,PZ591BS
140,7,2016,Petrol,3,102000.00,71400.00,2016-01-01 00:00:00,2018-01-01 00:00:00,PZ122FN
141,2,2016,Diesel,9,52500.00,36750.00,2016-01-01 00:00:00,2018-02-01 00:00:00,PZ666NG
142,4,2016,Petrol,5,60900.00,42630.00,2016-01-01 00:00:00,2018-02-01 00:00:00,PZ278TC
143,4,2016,Diesel,1,60900.00,42630.00,2016-01-01 00:00:00,2018-02-01 00:00:00,PZ864YR
144,5,2016,Diesel,2,87900.00,61529.00,2016-01-01 00:00:00,2018-02-01 00:00:00,PZ437IV
145,12,2016,Diesel,4,130200.00,91140.00,2016-01-01 00:00:00,2018-02-01 00:00:00,PZ641RV
146,3,2016,Petrol,2,59000.00,41300.00,2016-01-01 00:00:00,2018-02-01 00:00:00,PZ564ZE
147,6,2016,Petrol,9,76000.00,53200.00,2016-01-01 00:00:00,2018-02-01 00:00:00,PZ256NY
148,10,2016,Petrol,6,102000.00,71400.00,2016-01-01 00:00:00,2018-02-01 00:00:00,PZ416PH
149,12,2016,Petrol,7,130200.00,91140.00,2016-01-01 00:00:00,2018-02-01 00:00:00,PZ146TF
150,5,2016,Diesel,8,87900.00,61529.00,2016-01-01 00:00:00,2018-02-01 00:00:00,PZ108RM
151,11,2016,Diesel,1,178200.00,124739.00,2016-01-01 00:00:00,2018-02-01 00:00:00,PZ497MM
152,11,2016,Petrol,12,178200.00,124739.00,2016-01-01 00:00:00,2018-01-01 00:00:00,PZ765FE
153,7,2016,Petrol,6,102000.00,71400.00,2016-01-01 00:00:00,2018-02-01 00:00:00,PZ658TE
154,3,2016,Petrol,3,59000.00,41300.00,2016-01-01 00:00:00,2018-02-01 00:00:00,PZ886FF
155,7,2016,Diesel,7,102000.00,71400.00,2016-01-01 00:00:00,2018-01-01 00:00:00,PZ742GW
156,7,2016,Petrol,3,102000.00,71400.00,2016-01-01 00:00:00,2018-01-01 00:00:00,PZ685QW
157,8,2016,Diesel,7,140700.00,98490.00,2016-01-01 00:00:00,2018-02-01 00:00:00,PZ355JZ
158,5,2016,Petol,3,87900.00,52740.00,2016-01-01 00:00:00,2020-01-01 00:00:00,PZ949OE
159,6,2016,Petrol,10,76000.00,45600.00,2016-01-01 00:00:00,2020-01-01 00:00:00,PZ539IB
160,10,2016,Diesel,12,102000.00,61200.00,2016-01-01 00:00:00,2020-01-01 00:00:00,PZ220CF
161,12,2016,Petrol,11,130200.00,78120.00,2016-01-01 00:00:00,2020-01-01 00:00:00,PZ726MO
162,3,2016,Diesel,4,59000.00,35400.00,2016-01-01 00:00:00,2020-01-01 00:00:00,PZ332DV
163,5,2016,Petrol,13,87900.00,52740.00,2016-01-01 00:00:00,2020-01-01 00:00:00,PZ852QH
164,9,2016,Petrol,3,95400.00,57240.00,2016-01-01 00:00:00,2020-01-01 00:00:00,PZ208QZ
165,10,2016,Diesel,14,102000.00,61200.00,2016-01-01 00:00:00,2020-02-01 00:00:00,PZ306FA
166,3,2016,Petrol,12,59000.00,35400.00,2016-01-01 00:00:00,2020-02-01 00:00:00,PZ439XF
167,10,2016,Diesel,11,102000.00,61200.00,2016-01-01 00:00:00,2020-01-01 00:00:00,PZ418AP
168,9,2016,Diesel,8,95400.00,57240.00,2016-01-01 00:00:00,2020-01-01 00:00:00,PZ428QJ
169,4,2016,Petrol,11,60900.00,36540.00,2016-01-01 00:00:00,2020-02-01 00:00:00,PZ582QJ
170,2,2016,Diesel,5,52500.00,31500.00,2016-01-01 00:00:00,2020-01-01 00:00:00,PZ681OH
171,8,2016,Petrol,7,140700.00,84420.00,2016-01-01 00:00:00,2020-02-01 00:00:00,PZ420AW
172,3,2016,Petrol,14,59000.00,35400.00,2016-01-01 00:00:00,2020-02-01 00:00:00,PZ361CD
173,11,2016,Diesel,11,178200.00,106920.00,2016-01-01 00:00:00,2020-01-01 00:00:00,PZ719BV
174,9,2016,Petrol,15,95400.00,57240.00,2016-01-01 00:00:00,2020-01-01 00:00:00,PZ800FK
175,11,2016,Petrol,7,178200.00,106920.00,2016-01-01 00:00:00,2020-01-01 00:00:00,PZ611IU
176,4,2016,Diesel,12,60900.00,36540.00,2016-01-01 00:00:00,2020-01-01 00:00:00,PZ815UG
177,11,2016,Diesel,7,178200.00,106920.00,2016-01-01 00:00:00,2020-02-01 00:00:00,PZ411DD
178,5,2016,Diesel,6,87900.00,52740.00,2016-01-01 00:00:00,2020-01-01 00:00:00,PZ676EF
179,5,2016,Diesel,8,87900.00,52740.00,2016-01-01 00:00:00,2020-01-01 00:00:00,PZ799TE
180,7,2016,Petrol,4,102000.00,61200.00,2016-01-01 00:00:00,2020-01-01 00:00:00,PZ274TG
181,12,2016,Petrol,6,130200.00,78120.00,2016-01-01 00:00:00,2020-01-01 00:00:00,PZ593ZA
182,7,2016,Petrol,14,102000.00,61200.00,2016-01-01 00:00:00,2020-01-01 00:00:00,PZ835DV
183,4,2016,Diesel,9,60900.00,36540.00,2016-01-01 00:00:00,2020-02-01 00:00:00,PZ397WE
184,4,2016,Petrol,3,60900.00,36540.00,2016-01-01 00:00:00,2020-01-01 00:00:00,PZ895OT
185,10,2016,Petrol,4,102000.00,61200.00,2016-01-01 00:00:00,2020-01-01 00:00:00,PZ798CY
186,7,2016,Diesel,9,102000.00,61200.00,2016-01-01 00:00:00,2020-02-01 00:00:00,PZ572VL
187,5,2016,Diesel,9,87900.00,52740.00,2016-01-01 00:00:00,2020-01-01 00:00:00,PZ802HO
188,1,2016,Petrol,15,64900.00,38940.00,2016-01-01 00:00:00,2020-01-01 00:00:00,PZ842LU
189,10,2016,Diesel,1,102000.00,61200.00,2016-01-01 00:00:00,2020-01-01 00:00:00,PZ515YT
190,8,2016,Petrol,3,140700.00,84420.00,2016-01-01 00:00:00,2020-01-01 00:00:00,PZ874MV
191,9,2016,Petrol,3,95400.00,57240.00,2016-01-01 00:00:00,2020-01-01 00:00:00,PZ451HE
192,6,2016,Petrol,12,76000.00,45600.00,2016-01-01 00:00:00,2020-01-01 00:00:00,PZ220XA
193,7,2016,Diesel,7,102000.00,61200.00,2016-01-01 00:00:00,2020-02-01 00:00:00,PZ331HL
194,5,2016,Diesel,11,87900.00,52740.00,2016-01-01 00:00:00,2020-01-01 00:00:00,PZ884TZ
195,9,2016,Diesel,3,95400.00,57240.00,2016-01-01 00:00:00,2020-01-01 00:00:00,PZ689IG
196,2,2016,Petrol,7,52500.00,31500.00,2016-01-01 00:00:00,2020-02-01 00:00:00,PZ768PB
197,7,2016,Diesel,10,102000.00,61200.00,2016-01-01 00:00:00,2020-02-01 00:00:00,PZ322IE
198,5,2016,Petrol,14,87900.00,52740.00,2016-01-01 00:00:00,2020-01-01 00:00:00,PZ917SB
199,11,2016,Petrol,13,178200.00,106920.00,2016-01-01 00:00:00,2020-02-01 00:00:00,PZ799QI
200,9,2016,Diesel,7,95400.00,57240.00,2016-01-01 00:00:00,2020-01-01 00:00:00,PZ628TZ
201,6,2016,Diesel,7,76000.00,45600.00,2016-01-01 00:00:00,2020-01-01 00:00:00,PZ566IN
202,9,2016,Petrol,11,95400.00,57240.00,2016-01-01 00:00:00,2020-02-01 00:00:00,PZ495XY
203,12,2016,Diesel,13,130200.00,78120.00,2016-01-01 00:00:00,2020-01-01 00:00:00,PZ170FD
204,4,2016,Diesel,11,60900.00,36540.00,2016-01-01 00:00:00,2020-02-01 00:00:00,PZ968VD
205,7,2016,Diesel,5,102000.00,61200.00,2016-01-01 00:00:00,2020-02-01 00:00:00,PZ270RW
206,4,2016,Petrol,8,60900.00,36540.00,2016-01-01 00:00:00,2020-01-01 00:00:00,PZ667SX
207,9,2016,Petrol,7,95400.00,57240.00,2016-01-01 00:00:00,2020-02-01 00:00:00,PZ648OP
208,3,2016,Diesel,11,59000.00,35400.00,2016-01-01 00:00:00,2020-01-01 00:00:00,PZ113MM
209,11,2016,Diesel,7,178200.00,106920.00,2016-01-01 00:00:00,2020-01-01 00:00:00,PZ398XA
210,7,2016,Diesel,7,102000.00,61200.00,2016-01-01 00:00:00,2020-01-01 00:00:00,PZ779NZ
211,12,2016,Petrol,13,130200.00,78120.00,2016-01-01 00:00:00,2020-02-01 00:00:00,PZ576PK
212,8,2016,Diesel,9,140700.00,84420.00,2016-01-01 00:00:00,2020-01-01 00:00:00,PZ883MH
213,2,2016,Petrol,13,52500.00,31500.00,2016-01-01 00:00:00,2020-01-01 00:00:00,PZ522YG
214,7,2016,Petrol,10,102000.00,61200.00,2016-01-01 00:00:00,2020-02-01 00:00:00,PZ715KW
215,8,2016,Diesel,2,140700.00,84420.00,2016-01-01 00:00:00,2020-02-01 00:00:00,PZ986RK
216,2,2016,Diesel,3,52500.00,31500.00,2016-01-01 00:00:00,2020-02-01 00:00:00,PZ636PT
217,9,2016,Diesel,12,95400.00,57240.00,2016-01-01 00:00:00,2020-01-01 00:00:00,PZ584QG
218,3,2016,Diesel,12,59000.00,35400.00,2016-01-01 00:00:00,2020-01-01 00:00:00,PZ279UJ
219,4,2016,Petrol,7,60900.00,36540.00,2016-01-01 00:00:00,2020-02-01 00:00:00,PZ756BJ
220,5,2016,Petrol,6,87900.00,52740.00,2016-01-01 00:00:00,2020-02-01 00:00:00,PZ514WW
221,4,2016,Petrol,10,60900.00,36540.00,2016-01-01 00:00:00,2020-02-01 00:00:00,PZ685RP
222,12,2016,Petrol,1,130200.00,78120.00,2016-01-01 00:00:00,2020-01-01 00:00:00,PZ480RT
223,4,2016,Petrol,2,60900.00,36540.00,2016-01-01 00:00:00,2020-01-01 00:00:00,PZ513PX
224,3,2016,Diesel,5,59000.00,35400.00,2016-01-01 00:00:00,2020-01-01 00:00:00,PZ545KH
225,6,2016,Petrol,10,76000.00,45600.00,2016-01-01 00:00:00,2020-01-01 00:00:00,PZ242GA
226,5,2016,Diesel,9,87900.00,52740.00,2016-01-01 00:00:00,2020-01-01 00:00:00,PZ203LI
227,9,2016,Petrol,9,95400.00,57240.00,2016-01-01 00:00:00,2020-02-01 00:00:00,PZ849YQ
228,10,2016,Petrol,2,102000.00,61200.00,2016-01-01 00:00:00,2020-02-01 00:00:00,PZ839AQ
229,8,2016,Petrol,14,140700.00,84420.00,2016-01-01 00:00:00,2020-01-01 00:00:00,PZ295UV
230,8,2016,Diesel,10,140700.00,84420.00,2016-01-01 00:00:00,2020-01-01 00:00:00,PZ604VX
231,7,2016,Petrol,1,102000.00,61200.00,2016-01-01 00:00:00,2020-02-01 00:00:00,PZ728AY
232,8,2016,Diesel,7,140700.00,84420.00,2016-01-01 00:00:00,2020-01-01 00:00:00,PZ818EJ
233,8,2016,Diesel,13,140700.00,84420.00,2016-01-01 00:00:00,2020-01-01 00:00:00,PZ531ZV
234,8,2016,Diesel,15,140700.00,84420.00,2016-01-01 00:00:00,2020-02-01 00:00:00,PZ112OH
235,6,2016,Diesel,2,76000.00,45600.00,2016-01-01 00:00:00,2020-01-01 00:00:00,PZ784AE
236,9,2016,Diesel,11,95400.00,57240.00,2016-01-01 00:00:00,2020-01-01 00:00:00,PZ264XJ
237,11,2016,Petrol,3,178200.00,106920.00,2016-01-01 00:00:00,2020-02-01 00:00:00,PZ533SW
238,7,2016,Diesel,7,102000.00,61200.00,2016-01-01 00:00:00,2020-02-01 00:00:00,PZ875PD
239,3,2016,Petrol,11,59000.00,35400.00,2016-01-01 00:00:00,2020-02-01 00:00:00,PZ798BB
240,1,2016,Petrol,6,64900.00,38940.00,2016-01-01 00:00:00,2020-02-01 00:00:00,PZ330MH
241,8,2016,Petrol,14,140700.00,84420.00,2016-01-01 00:00:00,2020-02-01 00:00:00,PZ194MK
242,3,2016,Diesel,7,59000.00,35400.00,2016-01-01 00:00:00,2020-02-01 00:00:00,PZ377PO
243,3,2016,Petrol,12,59000.00,35400.00,2016-01-01 00:00:00,2020-02-01 00:00:00,PZ729WW
244,3,2016,Petrol,12,59000.00,35400.00,2016-01-01 00:00:00,2020-02-01 00:00:00,PZ662IO
245,1,2016,Petrol,12,64900.00,38940.00,2016-01-01 00:00:00,2020-02-01 00:00:00,PZ506QO
246,4,2016,Petrol,5,60900.00,36540.00,2016-01-01 00:00:00,2020-02-01 00:00:00,PZ729OD
247,8,2016,Petrol,14,140700.00,84420.00,2016-01-01 00:00:00,2020-02-01 00:00:00,PZ585NT
248,6,2016,Diesel,2,76000.00,45600.00,2016-01-01 00:00:00,2020-01-01 00:00:00,PZ627HG
249,5,2016,Diesel,9,87900.00,52740.00,2016-01-01 00:00:00,2020-01-01 00:00:00,PZ714MM
250,3,2016,Petrol,12,59000.00,35400.00,2016-01-01 00:00:00,2020-02-01 00:00:00,PZ985NY
251,3,2016,Petrol,14,59000.00,35400.00,2016-01-01 00:00:00,2020-02-01 00:00:00,PZ741KZ
252,7,2016,Petrol,11,102000.00,61200.00,2016-01-01 00:00:00,2020-01-01 00:00:00,PZ429QH
253,10,2016,Diesel,9,102000.00,61200.00,2016-01-01 00:00:00,2020-01-01 00:00:00,PZ838HZ
254,2,2016,Petrol,14,52500.00,31500.00,2016-01-01 00:00:00,2020-02-01 00:00:00,PZ256KK
255,10,2016,Petrol,10,102000.00,61200.00,2016-01-01 00:00:00,2020-02-01 00:00:00,PZ852OP
256,7,2016,Petrol,15,102000.00,61200.00,2016-01-01 00:00:00,2020-02-01 00:00:00,PZ784VT
257,10,2016,Petrol,15,102000.00,61200.00,2016-01-01 00:00:00,2020-01-01 00:00:00,PZ369FK
258,11,2016,Petrol,3,178200.00,106920.00,2016-01-01 00:00:00,2020-02-01 00:00:00,PZ379BQ
259,2,2016,Petrol,10,52500.00,31500.00,2016-01-01 00:00:00,2020-02-01 00:00:00,PZ811XX
260,11,2016,Diesel,9,178200.00,106920.00,2016-01-01 00:00:00,2020-02-01 00:00:00,PZ195SE
261,7,2016,Diesel,3,102000.00,61200.00,2016-01-01 00:00:00,2020-01-01 00:00:00,PZ896JX
262,4,2016,Petrol,8,60900.00,36540.00,2016-01-01 00:00:00,2020-02-01 00:00:00,PZ611UZ
263,4,2016,Petrol,4,60900.00,36540.00,2016-01-01 00:00:00,2020-01-01 00:00:00,PZ123KQ
264,2,2016,Diesel,8,52500.00,31500.00,2016-01-01 00:00:00,2020-02-01 00:00:00,PZ693FG
265,11,2016,Petrol,3,178200.00,106920.00,2016-01-01 00:00:00,2020-01-01 00:00:00,PZ341SF
266,1,2016,Diesel,14,64900.00,38940.00,2016-01-01 00:00:00,2020-01-01 00:00:00,PZ464SA
267,11,2016,Diesel,14,178200.00,106920.00,2016-01-01 00:00:00,2020-02-01 00:00:00,PZ882AZ
268,5,2016,Petrol,4,87900.00,52740.00,2016-01-01 00:00:00,2020-02-01 00:00:00,PZ799JS
269,6,2016,Diesel,3,76000.00,45600.00,2016-01-01 00:00:00,2020-02-01 00:00:00,PZ643LX
270,10,2016,Petrol,9,102000.00,61200.00,2016-01-01 00:00:00,2020-02-01 00:00:00,PZ221HZ
271,8,2016,Diesel,15,140700.00,84420.00,2016-01-01 00:00:00,2020-01-01 00:00:00,PZ741DL
272,7,2016,Petrol,8,102000.00,61200.00,2016-01-01 00:00:00,2020-02-01 00:00:00,PZ766AW
273,8,2016,Petrol,15,140700.00,84420.00,2016-01-01 00:00:00,2020-02-01 00:00:00,PZ712NP
274,3,2016,Diesel,3,59000.00,35400.00,2016-01-01 00:00:00,2020-01-01 00:00:00,PZ385SX
275,3,2016,Diesel,7,59000.00,35400.00,2016-01-01 00:00:00,2020-02-01 00:00:00,PZ961VZ
276,5,2016,Petrol,5,87900.00,52740.00,2016-01-01 00:00:00,2020-02-01 00:00:00,PZ576PV
277,9,2016,diesle,14,95400.00,57240.00,2016-01-01 00:00:00,2020-02-01 00:00:00,PZ399ZT
278,11,2016,Petrol,7,178200.00,106920.00,2016-01-01 00:00:00,2020-01-01 00:00:00,PZ661XK
279,10,2016,Petrol,4,102000.00,61200.00,2016-01-01 00:00:00,2020-01-01 00:00:00,PZ292CY
280,8,2016,Diesel,1,140700.00,84420.00,2016-01-01 00:00:00,2020-01-01 00:00:00,PZ836NS
281,3,2016,Diesel,1,59000.00,35400.00,2016-01-01 00:00:00,2020-02-01 00:00:00,PZ480DH
282,4,2016,Petrol,13,60900.00,36540.00,2016-01-01 00:00:00,2020-02-01 00:00:00,PZ310BC
283,12,2016,Diesel,4,130200.00,78120.00,2016-01-01 00:00:00,2020-02-01 00:00:00,PZ309TF
284,10,2016,Petrol,3,102000.00,61200.00,2016-01-01 00:00:00,2020-01-01 00:00:00,PZ834MP
285,8,2016,Petrol,12,140700.00,84420.00,2016-01-01 00:00:00,2020-01-01 00:00:00,PZ207VU
286,9,2016,Petrol,2,95400.00,57240.00,2016-01-01 00:00:00,2020-02-01 00:00:00,PZ318EK
287,9,2016,Petrol,15,95400.00,57240.00,2016-01-01 00:00:00,2020-02-01 00:00:00,PZ966TH
288,12,2016,Petrol,1,130200.00,78120.00,2016-01-01 00:00:00,2020-02-01 00:00:00,PZ899MC
289,4,2016,Petrol,15,60900.00,36540.00,2016-01-01 00:00:00,2020-02-01 00:00:00,PZ402RH
290,3,2016,Petrol,4,59000.00,35400.00,2016-01-01 00:00:00,2020-02-01 00:00:00,PZ787LG
291,4,2016,Petrol,12,60900.00,36540.00,2016-01-01 00:00:00,2020-02-01 00:00:00,PZ305KB
292,1,2016,Diesel,6,64900.00,38940.00,2016-01-01 00:00:00,2020-02-01 00:00:00,PZ979PP
293,5,2016,Petrol,14,87900.00,52740.00,2016-01-01 00:00:00,2020-01-01 00:00:00,PZ397VF
294,6,2016,Diesel,11,76000.00,45600.00,2016-01-01 00:00:00,2020-02-01 00:00:00,PZ758PB
295,1,2016,Petrol,3,64900.00,38940.00,2016-01-01 00:00:00,2020-01-01 00:00:00,PZ630ES
296,4,2016,Petrol,11,60900.00,36540.00,2016-01-01 00:00:00,2020-02-01 00:00:00,PZ781PY
297,3,2016,Diesel,10,59000.00,35400.00,2016-01-01 00:00:00,2020-02-01 00:00:00,PZ385LK
298,7,2016,Diesel,6,102000.00,61200.00,2016-01-01 00:00:00,2020-02-01 00:00:00,PZ586NJ
299,3,2016,Petrol,9,59000.00,35400.00,2016-01-01 00:00:00,2020-02-01 00:00:00,PZ664GF
300,12,2016,Petrol,8,130200.00,78120.00,2016-01-01 00:00:00,2020-01-01 00:00:00,PZ841II
301,2,2016,Petrol,9,52500.00,31500.00,2016-01-01 00:00:00,2020-02-01 00:00:00,PZ302ML
302,3,2016,Petrol,9,59000.00,35400.00,2016-01-01 00:00:00,2020-01-01 00:00:00,PZ780UH
303,7,2016,Diesel,9,102000.00,61200.00,2016-01-01 00:00:00,2020-02-01 00:00:00,PZ945VX
304,9,2016,Diesel,9,95400.00,57240.00,2016-01-01 00:00:00,2020-01-01 00:00:00,PZ447RS
305,10,2016,Petrol,4,102000.00,61200.00,2016-01-01 00:00:00,2020-02-01 00:00:00,PZ324KF
306,8,2016,Petrol,2,140700.00,84420.00,2016-01-01 00:00:00,2020-02-01 00:00:00,PZ580NH
307,7,2016,Petrol,12,102000.00,61200.00,2016-01-01 00:00:00,2020-02-01 00:00:00,PZ130CC
308,12,2016,Diesel,10,130200.00,78120.00,2016-01-01 00:00:00,2020-02-01 00:00:00,PZ481KL
309,4,2016,Petrol,8,60900.00,36540.00,2016-01-01 00:00:00,2020-02-01 00:00:00,PZ216VX
310,1,2016,Petrol,2,64900.00,38940.00,2016-01-01 00:00:00,2020-01-01 00:00:00,PZ601LK
311,2,2016,Petrol,7,52500.00,31500.00,2016-01-01 00:00:00,2020-01-01 00:00:00,PZ964QU
312,12,2016,Diesel,5,130200.00,78120.00,2016-01-01 00:00:00,2020-02-01 00:00:00,PZ770ZE
313,2,2016,Diesel,5,52500.00,31500.00,2016-01-01 00:00:00,2020-02-01 00:00:00,PZ845DK
314,6,2016,Petrol,1,76000.00,45600.00,2016-01-01 00:00:00,2020-02-01 00:00:00,PZ615TN
315,1,2016,Petrol,1,64900.00,38940.00,2016-01-01 00:00:00,2020-02-01 00:00:00,PZ409FM
316,3,2016,Diesel,13,59000.00,35400.00,2016-01-01 00:00:00,2020-01-01 00:00:00,PZ335YI
317,7,2016,Petrol,1,102000.00,61200.00,2016-01-01 00:00:00,2020-01-01 00:00:00,PZ156TI
318,8,2016,Diesel,12,140700.00,84420.00,2016-01-01 00:00:00,2020-01-01 00:00:00,PZ437XP
319,6,2016,Petrol,3,76000.00,45600.00,2016-01-01 00:00:00,2020-01-01 00:00:00,PZ500QM
320,3,2016,Petrol,9,59000.00,35400.00,2016-01-01 00:00:00,2020-01-01 00:00:00,PZ680SF
321,1,2016,Petrol,7,64900.00,38940.00,2016-01-01 00:00:00,2020-02-01 00:00:00,PZ952XF
322,2,2016,Diesel,5,52500.00,31500.00,2016-01-01 00:00:00,2020-02-01 00:00:00,PZ267JZ
323,9,2016,diesle,5,95400.00,57240.00,2016-01-01 00:00:00,2020-02-01 00:00:00,PZ627CC
324,8,2016,Diesel,6,140700.00,84420.00,2016-01-01 00:00:00,2020-01-01 00:00:00,PZ309GO
325,5,2016,Diesel,7,87900.00,52740.00,2016-01-01 00:00:00,2020-01-01 00:00:00,PZ996SO
326,5,2016,Petrol,1,87900.00,52740.00,2016-01-01 00:00:00,2020-02-01 00:00:00,PZ527VN
327,8,2016,Petol,9,140700.00,84420.00,2016-01-01 00:00:00,2020-02-01 00:00:00,PZ902ZM
328,3,2016,Diesel,14,59000.00,35400.00,2016-01-01 00:00:00,2020-01-01 00:00:00,PZ890BT
329,7,2016,Diesel,1,102000.00,61200.00,2016-01-01 00:00:00,2020-01-01 00:00:00,PZ188IF
330,2,2016,Petrol,8,52500.00,31500.00,2016-01-01 00:00:00,2022-01-01 00:00:00,PZ422PU
331,7,2016,Petrol,11,102000.00,51000.00,2016-01-01 00:00:00,2022-01-01 00:00:00,PZ249PF
332,2,2016,Petrol,2,52500.00,26250.00,2016-01-01 00:00:00,2022-01-01 00:00:00,PZ312GF
333,6,2016,Petrol,3,76000.00,38000.00,2016-01-01 00:00:00,2022-01-01 00:00:00,PZ397AI
334,10,2016,Petrol,6,102000.00,51000.00,2016-01-01 00:00:00,2022-01-01 00:00:00,PZ823LZ
335,8,2016,Petrol,15,140700.00,70350.00,2016-01-01 00:00:00,2022-01-01 00:00:00,PZ548EL
336,5,2016,Diesel,12,87900.00,43950.00,2016-01-01 00:00:00,2022-01-01 00:00:00,PZ308AF
337,5,2016,Petrol,8,87900.00,43950.00,2016-01-01 00:00:00,2022-01-01 00:00:00,PZ549TI
338,8,2016,Diesel,10,140700.00,70350.00,2016-01-01 00:00:00,2022-01-01 00:00:00,PZ328BY
339,12,2016,Diesel,8,130200.00,65100.00,2016-01-01 00:00:00,2022-01-01 00:00:00,PZ684CW
340,1,2016,Petrol,12,64900.00,32450.00,2016-01-01 00:00:00,2022-01-01 00:00:00,PZ855AI
341,11,2016,Petrol,15,178200.00,89100.00,2016-01-01 00:00:00,2022-01-01 00:00:00,PZ371AC
342,2,2016,Petrol,9,52500.00,26250.00,2016-01-01 00:00:00,2022-01-01 00:00:00,PZ455AY
343,9,2016,Diesel,10,95400.00,47700.00,2016-01-01 00:00:00,2022-02-01 00:00:00,PZ902KP
344,3,2016,Petrol,1,59000.00,29500.00,2016-01-01 00:00:00,2022-01-01 00:00:00,PZ763OB
345,12,2016,Diesel,6,130200.00,65100.00,2016-01-01 00:00:00,2022-01-01 00:00:00,PZ979WS
346,2,2016,Petrol,5,52500.00,26250.00,2016-01-01 00:00:00,2022-01-01 00:00:00,PZ118GP
347,8,2016,Petrol,5,140700.00,70350.00,2016-01-01 00:00:00,2022-01-01 00:00:00,PZ261WR
348,12,2016,Petrol,3,130200.00,65100.00,2016-01-01 00:00:00,2022-01-01 00:00:00,PZ502CB
349,1,2016,Petrol,7,64900.00,32450.00,2016-01-01 00:00:00,2022-01-01 00:00:00,PZ739EX
350,1,2016,Petrol,7,64900.00,32450.00,2016-01-01 00:00:00,2022-01-01 00:00:00,PZ997TE
351,8,2016,Diesel,13,140700.00,70350.00,2016-01-01 00:00:00,2022-01-01 00:00:00,PZ284PU
352,2,2016,Petrol,2,52500.00,26250.00,2016-01-01 00:00:00,2022-02-01 00:00:00,PZ982HF
353,5,2016,Diesel,11,87900.00,43950.00,2016-01-01 00:00:00,2022-01-01 00:00:00,PZ940JL
354,10,2016,Petrol,13,102000.00,51000.00,2016-01-01 00:00:00,2022-01-01 00:00:00,PZ843FR
355,2,2016,Petrol,6,52500.00,26250.00,2016-01-01 00:00:00,2022-01-01 00:00:00,PZ974AQ
356,8,2016,Petrol,12,140700.00,70350.00,2016-01-01 00:00:00,2022-02-01 00:00:00,PZ356NY
357,8,2016,Petrol,14,140700.00,70350.00,2016-01-01 00:00:00,2022-02-01 00:00:00,PZ872QH
358,7,2016,Diesel,6,102000.00,51000.00,2016-01-01 00:00:00,2022-01-01 00:00:00,PZ661AG
359,7,2016,Petrol,6,102000.00,51000.00,2016-01-01 00:00:00,2022-01-01 00:00:00,PZ620ZD
360,9,2016,Petrol,9,95400.00,47700.00,2016-01-01 00:00:00,2022-01-01 00:00:00,PZ158CP
361,7,2016,Diesel,7,102000.00,51000.00,2016-01-01 00:00:00,2022-01-01 00:00:00,PZ333MO
362,6,2016,Diesel,4,76000.00,38000.00,2016-01-01 00:00:00,2022-01-01 00:00:00,PZ138JD
363,7,2016,Diesel,3,102000.00,51000.00,2016-01-01 00:00:00,2022-01-01 00:00:00,PZ896QA
364,7,2016,Petrol,2,102000.00,51000.00,2016-01-01 00:00:00,2022-02-01 00:00:00,PZ484AM
365,9,2016,Diesel,5,95400.00,47700.00,2016-01-01 00:00:00,2022-01-01 00:00:00,PZ897VT
366,4,2016,Diesel,8,60900.00,30450.00,2016-01-01 00:00:00,2022-02-01 00:00:00,PZ449GU
367,8,2016,Petrol,14,140700.00,70350.00,2016-01-01 00:00:00,2022-01-01 00:00:00,PZ821IM
368,2,2016,Diesel,8,52500.00,26250.00,2016-01-01 00:00:00,2022-01-01 00:00:00,PZ964YQ
369,12,2016,Diesel,9,130200.00,65100.00,2016-01-01 00:00:00,2022-01-01 00:00:00,PZ436CX
370,6,2016,Petrol,14,76000.00,38000.00,2016-01-01 00:00:00,2022-02-01 00:00:00,PZ526GS
371,11,2016,Petrol,14,178200.00,89100.00,2016-01-01 00:00:00,2022-01-01 00:00:00,PZ772XA
372,8,2016,Diesel,7,140700.00,70350.00,2016-01-01 00:00:00,2022-01-01 00:00:00,PZ115CV
373,10,2016,Diesel,8,102000.00,51000.00,2016-01-01 00:00:00,2022-01-01 00:00:00,PZ654QX
374,1,2016,Diesel,6,64900.00,32450.00,2016-01-01 00:00:00,2022-01-01 00:00:00,PZ866LN
375,6,2016,Petrol,14,76000.00,38000.00,2016-01-01 00:00:00,2022-01-01 00:00:00,PZ577OV
376,9,2016,Petrol,1,95400.00,47700.00,2016-01-01 00:00:00,2022-01-01 00:00:00,PZ240JJ
377,5,2016,Petrol,7,87900.00,43950.00,2016-01-01 00:00:00,2022-01-01 00:00:00,PZ753YK
378,10,2016,Diesel,6,102000.00,51000.00,2016-01-01 00:00:00,2022-01-01 00:00:00,PZ189AJ
379,3,2016,Petrol,5,59000.00,29500.00,2016-01-01 00:00:00,2022-01-01 00:00:00,PZ730MH
380,8,2016,Diesel,7,140700.00,70350.00,2016-01-01 00:00:00,2022-01-01 00:00:00,PZ342HB
381,8,2016,Diesel,3,140700.00,70350.00,2016-01-01 00:00:00,2022-01-01 00:00:00,PZ423UG
382,1,2016,Petrol,8,64900.00,32450.00,2016-01-01 00:00:00,2022-01-01 00:00:00,PZ543DZ
383,2,2016,Diesel,13,52500.00,26250.00,2016-01-01 00:00:00,2022-01-01 00:00:00,PZ926ZX
384,4,2016,Petrol,11,60900.00,30450.00,2016-01-01 00:00:00,2022-01-01 00:00:00,PZ148ZS
385,11,2016,Petrol,9,178200.00,89100.00,2016-01-01 00:00:00,2022-01-01 00:00:00,PZ480KH
386,5,2016,Diesel,4,87900.00,43950.00,2016-01-01 00:00:00,2022-01-01 00:00:00,PZ300JP
387,9,2016,Diesel,14,95400.00,47700.00,2016-01-01 00:00:00,2022-01-01 00:00:00,PZ441BP
388,2,2016,Petrol,14,52500.00,26250.00,2016-01-01 00:00:00,2022-01-01 00:00:00,PZ285KW
389,8,2016,Diesel,8,140700.00,70350.00,2016-01-01 00:00:00,2022-01-01 00:00:00,PZ741NN
390,4,2016,Petrol,8,60900.00,30450.00,2016-01-01 00:00:00,2022-01-01 00:00:00,PZ316NF
391,7,2016,Petrol,14,102000.00,51000.00,2016-01-01 00:00:00,2022-01-01 00:00:00,PZ455PI
392,10,2016,Petrol,2,102000.00,51000.00,2016-01-01 00:00:00,2022-01-01 00:00:00,PZ578SK
393,2,2016,Petrol,4,52500.00,26250.00,2016-01-01 00:00:00,2022-01-01 00:00:00,PZ904VO
394,1,2016,Petrol,8,64900.00,32450.00,2016-01-01 00:00:00,2022-02-01 00:00:00,PZ171WY
395,1,2016,Petrol,15,64900.00,32450.00,2016-01-01 00:00:00,2022-01-01 00:00:00,PZ235GB
396,2,2016,Diesel,10,52500.00,26250.00,2016-01-01 00:00:00,2022-01-01 00:00:00,PZ485ZQ
397,12,2016,Petrol,5,130200.00,65100.00,2016-01-01 00:00:00,2022-01-01 00:00:00,PZ265QB
398,11,2016,Diesel,13,178200.00,89100.00,2016-01-01 00:00:00,2022-01-01 00:00:00,PZ373RK
399,11,2016,Petrol,9,178200.00,89100.00,2016-01-01 00:00:00,2022-01-01 00:00:00,PZ602NR
400,2,2016,Diesel,4,52500.00,26250.00,2016-01-01 00:00:00,2022-01-01 00:00:00,PZ296QC
401,3,2016,Diesel,15,59000.00,29500.00,2016-01-01 00:00:00,2022-01-01 00:00:00,PZ349VO
402,5,2016,Diesel,11,87900.00,43950.00,2016-01-01 00:00:00,2022-01-01 00:00:00,PZ986DL
403,1,2016,Petrol,4,64900.00,32450.00,2016-01-01 00:00:00,2022-01-01 00:00:00,PZ862DI
404,3,2016,Diesel,3,59000.00,29500.00,2016-01-01 00:00:00,2022-02-01 00:00:00,PZ418KS
405,5,2016,Diesel,2,87900.00,43950.00,2016-01-01 00:00:00,2022-01-01 00:00:00,PZ598CT
406,7,2016,Diesel,4,102000.00,51000.00,2016-01-01 00:00:00,2022-01-01 00:00:00,PZ769CX
407,11,2016,Petrol,8,178200.00,89100.00,2016-01-01 00:00:00,2022-01-01 00:00:00,PZ743TB
408,11,2016,Diesel,11,178200.00,89100.00,2016-01-01 00:00:00,2022-01-01 00:00:00,PZ222ZL
409,10,2016,Diesel,4,102000.00,51000.00,2016-01-01 00:00:00,2022-01-01 00:00:00,PZ123FR
410,6,2016,Diesel,8,76000.00,38000.00,2016-01-01 00:00:00,2022-01-01 00:00:00,PZ958CK
411,11,2016,Diesel,5,178200.00,89100.00,2016-01-01 00:00:00,2022-01-01 00:00:00,PZ338UZ
412,4,2016,Petrol,13,60900.00,30450.00,2016-01-01 00:00:00,2022-01-01 00:00:00,PZ749FJ
413,12,2016,Diesel,4,130200.00,65100.00,2016-01-01 00:00:00,2022-01-01 00:00:00,PZ569MM
414,7,2016,Diesel,5,102000.00,51000.00,2016-01-01 00:00:00,2022-02-01 00:00:00,PZ464OC
415,10,2016,Petrol,11,102000.00,51000.00,2016-01-01 00:00:00,2022-01-01 00:00:00,PZ918AM
416,2,2016,Diesel,14,52500.00,26250.00,2016-01-01 00:00:00,2022-01-01 00:00:00,PZ853AD
417,4,2016,Diesel,15,60900.00,30450.00,2016-01-01 00:00:00,2022-01-01 00:00:00,PZ895EQ
418,5,2016,Diesel,3,87900.00,43950.00,2016-01-01 00:00:00,2022-01-01 00:00:00,PZ799CX
419,10,2016,Diesel,1,102000.00,51000.00,2016-01-01 00:00:00,2022-01-01 00:00:00,PZ456PO
420,4,2016,Petrol,5,60900.00,30450.00,2016-01-01 00:00:00,2022-02-01 00:00:00,PZ372LZ
421,3,2016,Diesel,14,59000.00,29500.00,2016-01-01 00:00:00,2022-01-01 00:00:00,PZ191UT
422,10,2016,Petrol,15,102000.00,51000.00,2016-01-01 00:00:00,2022-01-01 00:00:00,PZ325SJ
423,11,2016,Diesel,4,178200.00,89100.00,2016-01-01 00:00:00,2022-01-01 00:00:00,PZ654QH
424,6,2016,Petrol,12,76000.00,38000.00,2016-01-01 00:00:00,2022-02-01 00:00:00,PZ953RV
425,7,2016,Petrol,12,102000.00,51000.00,2016-01-01 00:00:00,2022-02-01 00:00:00,PZ279JV
426,2,2016,Diesel,1,52500.00,26250.00,2016-01-01 00:00:00,2022-01-01 00:00:00,PZ807KA
427,2,2016,Petrol,13,52500.00,26250.00,2016-01-01 00:00:00,2022-01-01 00:00:00,PZ606HX
428,8,2016,Petrol,3,140700.00,70350.00,2016-01-01 00:00:00,2022-01-01 00:00:00,PZ854BL
429,10,2016,Petrol,11,102000.00,51000.00,2016-01-01 00:00:00,2022-01-01 00:00:00,PZ983JL
430,8,2016,Diesel,10,140700.00,70350.00,2016-01-01 00:00:00,2022-01-01 00:00:00,PZ510JM
431,11,2016,Petrol,6,178200.00,89100.00,2016-01-01 00:00:00,2022-02-01 00:00:00,PZ444UC
432,2,2016,Petrol,8,52500.00,26250.00,2016-01-01 00:00:00,2022-01-01 00:00:00,PZ367XH
433,1,2016,Petrol,8,64900.00,32450.00,2016-01-01 00:00:00,2022-01-01 00:00:00,PZ334KO
434,3,2016,Petrol,10,59000.00,29500.00,2016-01-01 00:00:00,2022-01-01 00:00:00,PZ186OQ
435,2,2016,Diesel,10,52500.00,26250.00,2016-01-01 00:00:00,2022-01-01 00:00:00,PZ891TB
436,4,2016,Petrol,6,60900.00,30450.00,2016-01-01 00:00:00,2022-01-01 00:00:00,PZ250MJ
437,4,2016,Petrol,2,60900.00,30450.00,2016-01-01 00:00:00,2022-02-01 00:00:00,PZ621XD
438,6,2016,Petrol,4,76000.00,38000.00,2016-01-01 00:00:00,2022-01-01 00:00:00,PZ336GH
439,6,2016,Petrol,9,76000.00,38000.00,2016-01-01 00:00:00,2022-01-01 00:00:00,PZ688QR
440,10,2016,Petrol,10,102000.00,51000.00,2016-01-01 00:00:00,2022-01-01 00:00:00,PZ523OE
441,7,2016,Diesel,14,102000.00,51000.00,2016-01-01 00:00:00,2022-02-01 00:00:00,PZ342GU
442,4,2016,Petrol,2,60900.00,30450.00,2016-01-01 00:00:00,2022-02-01 00:00:00,PZ151XF
443,3,2016,Petrol,10,59000.00,29500.00,2016-01-01 00:00:00,2022-02-01 00:00:00,PZ588DR
444,1,2016,Diesel,10,64900.00,32450.00,2016-01-01 00:00:00,2022-01-01 00:00:00,PZ493TG
445,1,2016,Diesel,14,64900.00,32450.00,2016-01-01 00:00:00,2022-02-01 00:00:00,PZ140AM
446,7,2016,Petrol,3,102000.00,51000.00,2016-01-01 00:00:00,2022-01-01 00:00:00,PZ918GF
447,8,2016,Petrol,5,140700.00,70350.00,2016-01-01 00:00:00,2022-01-01 00:00:00,PZ619QR
448,3,2016,Diesel,14,59000.00,29500.00,2016-01-01 00:00:00,2022-01-01 00:00:00,PZ883DJ
449,3,2016,Diesel,8,59000.00,29500.00,2016-01-01 00:00:00,2022-01-01 00:00:00,PZ342RG
450,1,2016,Diesel,8,64900.00,32450.00,2016-01-01 00:00:00,2022-01-01 00:00:00,PZ294NT
451,5,2016,Diesel,7,87900.00,43950.00,2016-01-01 00:00:00,2022-01-01 00:00:00,PZ323OX
452,3,2016,Petrol,12,59000.00,29500.00,2016-01-01 00:00:00,2022-01-01 00:00:00,PZ881IM
453,10,2016,Diesel,12,102000.00,51000.00,2016-01-01 00:00:00,2022-01-01 00:00:00,PZ493BW
454,3,2016,Diesel,9,59000.00,29500.00,2016-01-01 00:00:00,2022-01-01 00:00:00,PZ449NA
455,10,2016,Petrol,3,102000.00,51000.00,2016-01-01 00:00:00,2022-01-01 00:00:00,PZ483VO
456,12,2016,Diesel,4,130200.00,65100.00,2016-01-01 00:00:00,2022-02-01 00:00:00,PZ207DK
457,8,2016,Diesel,5,140700.00,70350.00,2016-01-01 00:00:00,2022-01-01 00:00:00,PZ147LU
458,2,2016,Petrol,4,52500.00,26250.00,2016-01-01 00:00:00,2022-01-01 00:00:00,PZ199EX
459,11,2016,Petrol,7,178200.00,89100.00,2016-01-01 00:00:00,2022-01-01 00:00:00,PZ468ZB
460,2,2016,Petrol,5,52500.00,26250.00,2016-01-01 00:00:00,2022-01-01 00:00:00,PZ957OK
461,5,2016,Diesel,15,87900.00,43950.00,2016-01-01 00:00:00,2022-01-01 00:00:00,PZ758LZ
462,4,2016,Petrol,11,60900.00,30450.00,2016-01-01 00:00:00,2022-02-01 00:00:00,PZ279OR
463,8,2016,Petrol,10,140700.00,70350.00,2016-01-01 00:00:00,2022-01-01 00:00:00,PZ543RX
464,11,2016,Petrol,8,178200.00,89100.00,2016-01-01 00:00:00,2022-01-01 00:00:00,PZ762IR
465,6,2016,Petrol,13,76000.00,38000.00,2016-01-01 00:00:00,2022-01-01 00:00:00,PZ434UJ
466,7,2016,Petrol,14,102000.00,51000.00,2016-01-01 00:00:00,2022-01-01 00:00:00,PZ913ZA
467,2,2016,Petrol,1,52500.00,26250.00,2016-01-01 00:00:00,2022-01-01 00:00:00,PZ615KL
468,8,2016,Petrol,1,140700.00,70350.00,2016-01-01 00:00:00,2022-02-01 00:00:00,PZ849HS
469,4,2016,Petrol,13,60900.00,30450.00,2016-01-01 00:00:00,2022-01-01 00:00:00,PZ195UC
470,8,2016,Diesel,10,140700.00,70350.00,2016-01-01 00:00:00,2022-01-01 00:00:00,PZ870MJ
471,12,2016,Diesel,3,130200.00,65100.00,2016-01-01 00:00:00,2022-01-01 00:00:00,PZ708ZU
472,10,2016,Diesel,4,102000.00,51000.00,2016-01-01 00:00:00,2022-01-01 00:00:00,PZ147KT
473,10,2016,Diesel,13,102000.00,51000.00,2016-01-01 00:00:00,2022-01-01 00:00:00,PZ166JV
474,7,2016,Petrol,14,102000.00,51000.00,2016-01-01 00:00:00,2022-01-01 00:00:00,PZ123EU
475,8,2016,Diesel,1,140700.00,70350.00,2016-01-01 00:00:00,2022-01-01 00:00:00,PZ744VF
476,11,2016,Petrol,2,178200.00,89100.00,2016-01-01 00:00:00,2022-01-01 00:00:00,PZ522VC
477,7,2016,Diesel,10,102000.00,51000.00,2016-01-01 00:00:00,2022-01-01 00:00:00,PZ947XR
478,4,2016,Petrol,14,60900.00,30450.00,2016-01-01 00:00:00,2022-01-01 00:00:00,PZ901FY
479,1,2016,Petrol,3,64900.00,32450.00,2016-01-01 00:00:00,2022-01-01 00:00:00,PZ190YV
480,9,2016,Diesel,6,95400.00,47700.00,2016-01-01 00:00:00,2022-01-01 00:00:00,PZ966KW
481,6,2016,Petrol,14,76000.00,38000.00,2016-01-01 00:00:00,2022-01-01 00:00:00,PZ397MG
482,9,2016,Diesel,9,95400.00,47700.00,2016-01-01 00:00:00,2022-02-01 00:00:00,PZ729OU
483,5,2016,Diesel,3,87900.00,43950.00,2016-01-01 00:00:00,2022-01-01 00:00:00,PZ281NN
484,2,2016,Diesel,12,52500.00,26250.00,2016-01-01 00:00:00,2022-01-01 00:00:00,PZ975GE
485,10,2016,Petrol,6,102000.00,51000.00,2016-01-01 00:00:00,2022-01-01 00:00:00,PZ114HR
486,1,2016,Diesel,5,64900.00,32450.00,2016-01-01 00:00:00,2022-01-01 00:00:00,PZ803DT
487,1,2016,Diesel,4,64900.00,32450.00,2016-01-01 00:00:00,2022-01-01 00:00:00,PZ652XN
488,8,2016,Petrol,12,140700.00,70350.00,2016-01-01 00:00:00,2022-01-01 00:00:00,PZ991HX
489,10,2016,Petrol,12,102000.00,51000.00,2016-01-01 00:00:00,2022-02-01 00:00:00,PZ608PN
490,9,2016,Petrol,3,95400.00,47700.00,2016-01-01 00:00:00,2022-02-01 00:00:00,PZ231BN
491,5,2016,Petrol,12,87900.00,43950.00,2016-01-01 00:00:00,2022-01-01 00:00:00,PZ556ZC
492,9,2016,Petrol,13,95400.00,47700.00,2016-01-01 00:00:00,2022-01-01 00:00:00,PZ474OV
493,7,2016,Petrol,13,102000.00,51000.00,2016-01-01 00:00:00,2022-01-01 00:00:00,PZ926NA
494,5,2016,Petrol,5,87900.00,43950.00,2016-01-01 00:00:00,2022-01-01 00:00:00,PZ818TB
495,4,2016,Petrol,15,60900.00,30450.00,2016-01-01 00:00:00,2022-01-01 00:00:00,PZ221PB
496,2,2016,Petrol,14,52500.00,26250.00,2016-01-01 00:00:00,2022-01-01 00:00:00,PZ937EB
497,12,2016,Petrol,2,130200.00,65100.00,2016-01-01 00:00:00,2022-01-01 00:00:00,PZ737OT
498,8,2016,Diesel,10,140700.00,70350.00,2016-01-01 00:00:00,2022-01-01 00:00:00,PZ408CJ
499,1,2016,Petrol,9,64900.00,32450.00,2016-01-01 00:00:00,2022-01-01 00:00:00,PZ441DI
500,5,2016,Petrol,2,87900.00,43950.00,2016-01-01 00:00:00,2022-01-01 00:00:00,PZ598LX
501,11,2017,Petrol,3,181200.00,99660.00,2017-01-01 00:00:00,2022-01-01 00:00:00,PZ481GH
502,7,2017,Petrol,6,105000.00,57750.00,2017-01-01 00:00:00,2022-01-01 00:00:00,PZ712KZ
503,1,2017,Diesel,5,67900.00,37345.00,2017-01-01 00:00:00,2022-01-01 00:00:00,PZ198KW
504,9,2017,Petrol,5,98400.00,54120.00,2017-01-01 00:00:00,2022-01-01 00:00:00,PZ210IM
505,8,2017,Diesel,6,143700.00,79035.00,2017-01-01 00:00:00,2022-01-01 00:00:00,PZ924FD
506,6,2017,Petrol,4,79000.00,43450.00,2017-01-01 00:00:00,2022-01-01 00:00:00,PZ769IM
507,9,2017,Diesel,4,98400.00,54120.00,2017-01-01 00:00:00,2022-01-01 00:00:00,PZ814YO
508,1,2017,Diesel,4,67900.00,37345.00,2017-01-01 00:00:00,2022-01-01 00:00:00,PZ144KM
509,7,2017,Diesel,9,105000.00,57750.00,2017-01-01 00:00:00,2022-01-01 00:00:00,PZ773BX
510,5,2017,Diesel,11,90900.00,49995.00,2017-01-01 00:00:00,2022-01-01 00:00:00,PZ951WP
511,1,2017,Diesel,13,67900.00,37345.00,2017-01-01 00:00:00,2022-01-01 00:00:00,PZ792SL
512,8,2017,Petrol,6,143700.00,79035.00,2017-01-01 00:00:00,2022-02-01 00:00:00,PZ289MS
513,9,2017,Diesel,15,98400.00,54120.00,2017-01-01 00:00:00,2022-01-01 00:00:00,PZ811DQ
514,11,2017,Diesel,1,181200.00,99660.00,2017-01-01 00:00:00,2022-02-01 00:00:00,PZ773ND
515,11,2017,Petrol,4,181200.00,99660.00,2017-01-01 00:00:00,2022-01-01 00:00:00,PZ223DD
516,9,2017,Petrol,10,98400.00,54120.00,2017-01-01 00:00:00,2022-02-01 00:00:00,PZ633LI
517,1,2017,Petrol,2,67900.00,37345.00,2017-01-01 00:00:00,2022-01-01 00:00:00,PZ809JB
518,5,2017,Diesel,4,90900.00,49995.00,2017-01-01 00:00:00,2022-01-01 00:00:00,PZ460JR
519,12,2017,Petrol,14,133200.00,73260.00,2017-01-01 00:00:00,2022-01-01 00:00:00,PZ742JV
520,9,2017,Diesel,15,98400.00,54120.00,2017-01-01 00:00:00,2022-01-01 00:00:00,PZ703GI
521,8,2017,Diesel,10,143700.00,79035.00,2017-01-01 00:00:00,2022-01-01 00:00:00,PZ279AZ
522,6,2017,Diesel,15,79000.00,,2017-01-01 00:00:00,2017-01-01 00:00:00,PZ451SX
523,8,2017,Petrol,13,143700.00,,2017-01-01 00:00:00,2017-01-01 00:00:00,PZ424KP
524,2,2017,Diesel,11,55500.00,,2017-01-01 00:00:00,2017-01-01 00:00:00,PZ516FR
525,7,2017,Petrol,4,105000.00,,2017-01-01 00:00:00,2017-01-01 00:00:00,PZ437YI
526,1,2018,Diesel,3,70900.00,,2018-01-01 00:00:00,2018-01-01 00:00:00,PZ246CA
527,10,2018,Petrol,1,108000.00,,2018-01-01 00:00:00,2018-01-01 00:00:00,PZ732FU
528,7,2018,Diesel,3,108000.00,,2018-01-01 00:00:00,2018-01-01 00:00:00,PZ282GH
529,11,2018,Petrol,13,184200.00,,2018-01-01 00:00:00,2018-01-01 00:00:00,PZ928QN
530,4,2018,Diesel,5,66900.00,,2018-01-01 00:00:00,2018-01-01 00:00:00,PZ325XU
531,6,2018,Petrol,14,82000.00,,2018-01-01 00:00:00,2018-01-01 00:00:00,PZ543TK
532,11,2018,Petol,15,184200.00,,2018-01-01 00:00:00,2018-01-01 00:00:00,PZ426KR
533,1,2018,Diesel,15,70900.00,,2018-01-01 00:00:00,2018-01-01 00:00:00,PZ412CI
534,1,2018,Diesel,12,70900.00,,2018-01-01 00:00:00,2018-01-01 00:00:00,PZ164WZ
535,6,2018,Petrol,8,82000.00,,2018-01-01 00:00:00,2018-01-01 00:00:00,PZ569XU
536,5,2018,Diesel,5,93900.00,,2018-01-01 00:00:00,2018-01-01 00:00:00,PZ243MQ
537,10,2018,Diesel,9,108000.00,,2018-01-01 00:00:00,2018-01-01 00:00:00,PZ140FP
538,3,2018,Petrol,3,65000.00,,2018-01-01 00:00:00,2018-01-01 00:00:00,PZ470YO
539,7,2018,Petrol,6,108000.00,,2018-01-01 00:00:00,2018-01-01 00:00:00,PZ732DL
540,4,2018,Diesel,11,66900.00,,2018-01-01 00:00:00,2018-01-01 00:00:00,PZ957EJ
541,5,2018,Diesel,14,93900.00,,2018-01-01 00:00:00,2018-01-01 00:00:00,PZ505FR
542,4,2018,Diesel,2,66900.00,,2018-01-01 00:00:00,2018-01-01 00:00:00,PZ158ML
543,11,2018,Petrol,9,184200.00,,2018-01-01 00:00:00,2018-01-01 00:00:00,PZ663RY
544,1,2018,Petrol,9,70900.00,,2018-01-01 00:00:00,2018-01-01 00:00:00,PZ158VK
545,10,2018,Diesel,9,108000.00,,2018-01-01 00:00:00,2018-01-01 00:00:00,PZ357XK
546,1,2018,Diesel,6,70900.00,,2018-01-01 00:00:00,2018-01-01 00:00:00,PZ501WS
547,8,2018,Petrol,10,146700.00,,2018-01-01 00:00:00,2018-01-01 00:00:00,PZ766GR
548,9,2018,Petrol,5,101400.00,,2018-01-01 00:00:00,2018-01-01 00:00:00,PZ239SE
549,2,2018,Petrol,4,58500.00,,2018-01-01 00:00:00,2018-01-01 00:00:00,PZ136AN
550,2,2018,Petrol,7,58500.00,,2018-01-01 00:00:00,2018-01-01 00:00:00,PZ546PD
551,3,2018,Diesel,1,65000.00,,2018-01-01 00:00:00,2018-01-01 00:00:00,PZ402BL
552,8,2018,Petrol,6,146700.00,,2018-01-01 00:00:00,2018-01-01 00:00:00,PZ958UP
553,10,2018,Petrol,10,108000.00,,2018-01-01 00:00:00,2018-01-01 00:00:00,PZ252HO
554,4,2018,Diesel,12,66900.00,,2018-01-01 00:00:00,2018-01-01 00:00:00,PZ238SE
555,2,2018,Diesel,15,58500.00,,2018-01-01 00:00:00,2018-01-01 00:00:00,PZ179ST
556,5,2018,Diesel,4,93900.00,,2018-01-01 00:00:00,2018-01-01 00:00:00,PZ671ZO
557,10,2018,Petrol,6,108000.00,,2018-01-01 00:00:00,2018-01-01 00:00:00,PZ578ZL
558,6,2018,Diesel,2,82000.00,,2018-01-01 00:00:00,2018-01-01 00:00:00,PZ152NW
559,5,2018,Petrol,2,93900.00,,2018-01-01 00:00:00,2018-01-01 00:00:00,PZ354OX
560,6,2018,Diesel,2,82000.00,,2018-01-01 00:00:00,2018-01-01 00:00:00,PZ151TC
561,8,2018,Diesel,11,146700.00,,2018-01-01 00:00:00,2018-01-01 00:00:00,PZ138VC
562,10,2018,Diesel,9,108000.00,,2018-01-01 00:00:00,2018-01-01 00:00:00,PZ276GF
563,12,2018,Petrol,1,136200.00,,2018-01-01 00:00:00,2018-01-01 00:00:00,PZ699CF
564,3,2018,Petrol,12,65000.00,,2018-01-01 00:00:00,2018-01-01 00:00:00,PZ919CW
565,5,2018,Petrol,8,93900.00,,2018-01-01 00:00:00,2018-01-01 00:00:00,PZ978PB
566,8,2018,Petrol,13,146700.00,,2018-01-01 00:00:00,2018-01-01 00:00:00,PZ494UL
567,5,2018,Petrol,5,93900.00,,2018-01-01 00:00:00,2018-01-01 00:00:00,PZ440YY
568,5,2018,Petrol,12,93900.00,,2018-01-01 00:00:00,2018-01-01 00:00:00,PZ622ND
569,12,2018,Diesel,6,136200.00,,2018-01-01 00:00:00,2018-01-01 00:00:00,PZ148GJ
570,2,2018,Diesel,5,58500.00,,2018-01-01 00:00:00,2018-01-01 00:00:00,PZ666WQ
571,2,2018,Diesel,15,58500.00,,2018-01-01 00:00:00,2018-01-01 00:00:00,PZ412UO
572,12,2018,Diesel,12,136200.00,,2018-01-01 00:00:00,2018-01-01 00:00:00,PZ173WC
573,5,2018,Petrol,6,93900.00,,2018-01-01 00:00:00,2018-01-01 00:00:00,PZ694EX
574,7,2018,Diesel,11,108000.00,,2018-01-01 00:00:00,2018-01-01 00:00:00,PZ213OA
575,7,2018,Diesel,15,108000.00,,2018-01-01 00:00:00,2018-01-01 00:00:00,PZ129JT
576,8,2018,Petrol,11,146700.00,,2018-01-01 00:00:00,2018-01-01 00:00:00,PZ654RY
577,4,2018,Petrol,6,66900.00,,2018-01-01 00:00:00,2018-01-01 00:00:00,PZ249TI
578,7,2018,Petrol,5,108000.00,,2018-01-01 00:00:00,2018-01-01 00:00:00,PZ960LX
579,11,2018,Petrol,5,184200.00,,2018-01-01 00:00:00,2018-01-01 00:00:00,PZ180VV
580,10,2018,Petrol,7,108000.00,,2018-01-01 00:00:00,2018-01-01 00:00:00,PZ251SB
581,3,2018,Diesel,5,65000.00,,2018-01-01 00:00:00,2018-01-01 00:00:00,PZ444FV
582,1,2018,Diesel,13,70900.00,,2018-01-01 00:00:00,2018-01-01 00:00:00,PZ314JZ
583,2,2018,Petrol,8,58500.00,,2018-01-01 00:00:00,2018-01-01 00:00:00,PZ398YK
584,10,2018,Diesel,11,108000.00,,2018-01-01 00:00:00,2018-01-01 00:00:00,PZ946LV
585,10,2018,Diesel,2,108000.00,,2018-01-01 00:00:00,2018-01-01 00:00:00,PZ472SR
586,2,2018,Diesel,14,58500.00,,2018-01-01 00:00:00,2018-01-01 00:00:00,PZ649LK
587,1,2018,Petrol,3,70900.00,,2018-01-01 00:00:00,2018-01-01 00:00:00,PZ782VD
588,12,2018,Petrol,15,136200.00,,2018-01-01 00:00:00,2018-01-01 00:00:00,PZ136OK
589,6,2018,Petrol,13,82000.00,,2018-01-01 00:00:00,2018-01-01 00:00:00,PZ251LA
590,11,2018,Petrol,11,184200.00,,2018-01-01 00:00:00,2018-01-01 00:00:00,PZ537XP
591,1,2018,Petrol,10,70900.00,,2018-01-01 00:00:00,2018-01-01 00:00:00,PZ466EZ
592,11,2018,Diesel,13,184200.00,,2018-01-01 00:00:00,2018-01-01 00:00:00,PZ290VK
593,2,2018,Petrol,8,58500.00,,2018-01-01 00:00:00,2018-01-01 00:00:00,PZ827TU
594,10,2018,Diesel,3,108000.00,,2018-01-01 00:00:00,2018-01-01 00:00:00,PZ274DG
595,9,2018,Petrol,5,101400.00,,2018-01-01 00:00:00,2018-01-01 00:00:00,PZ648ZA
596,1,2018,Diesel,3,70900.00,,2018-01-01 00:00:00,2018-01-01 00:00:00,PZ242BL
597,8,2018,Diesel,5,146700.00,,2018-01-01 00:00:00,2018-01-01 00:00:00,PZ260KP
598,6,2018,Diesel,2,82000.00,,2018-01-01 00:00:00,2018-01-01 00:00:00,PZ991IP
599,8,2018,Petrol,12,146700.00,,2018-01-01 00:00:00,2018-01-01 00:00:00,PZ767YA
600,2,2018,Petrol,8,58500.00,,2018-01-01 00:00:00,2018-01-01 00:00:00,PZ131PB
601,2,2018,Diesel,10,58500.00,,2018-01-01 00:00:00,2018-01-01 00:00:00,PZ196XN
602,6,2018,Petrol,8,82000.00,,2018-01-01 00:00:00,2018-01-01 00:00:00,PZ571JS
603,9,2018,Petrol,11,101400.00,,2018-01-01 00:00:00,2018-01-01 00:00:00,PZ333XW
604,5,2018,Diesel,7,93900.00,,2018-01-01 00:00:00,2018-01-01 00:00:00,PZ700HH
605,5,2018,Petrol,15,93900.00,,2018-01-01 00:00:00,2018-01-01 00:00:00,PZ397KP
606,4,2018,Diesel,14,66900.00,,2018-01-01 00:00:00,2018-01-01 00:00:00,PZ779IL
607,6,2018,Petrol,2,82000.00,,2018-01-01 00:00:00,2018-01-01 00:00:00,PZ855TY
608,5,2018,Petrol,15,93900.00,,2018-01-01 00:00:00,2018-01-01 00:00:00,PZ628NC
609,5,2018,Diesel,13,93900.00,,2018-01-01 00:00:00,2018-01-01 00:00:00,PZ535DW
610,3,2018,Petrol,3,65000.00,,2018-01-01 00:00:00,2018-01-01 00:00:00,PZ835JJ
611,3,2018,Petrol,15,65000.00,,2018-01-01 00:00:00,2018-01-01 00:00:00,PZ438NZ
612,12,2018,Diesel,15,136200.00,,2018-01-01 00:00:00,2018-01-01 00:00:00,PZ291CC
613,10,2018,Petrol,2,108000.00,,2018-01-01 00:00:00,2018-01-01 00:00:00,PZ544YM
614,11,2018,Diesel,6,184200.00,,2018-01-01 00:00:00,2018-01-01 00:00:00,PZ624BB
615,2,2018,Diesel,10,58500.00,,2018-01-01 00:00:00,2018-01-01 00:00:00,PZ535TF
616,2,2018,Diesel,14,58500.00,,2018-01-01 00:00:00,2018-01-01 00:00:00,PZ918MW
617,4,2018,Petrol,15,66900.00,,2018-01-01 00:00:00,2018-01-01 00:00:00,PZ756MS
618,8,2018,Diesel,14,146700.00,,2018-01-01 00:00:00,2018-01-01 00:00:00,PZ119KI
619,10,2018,Diesel,13,108000.00,,2018-01-01 00:00:00,2018-01-01 00:00:00,PZ213UX
620,5,2018,Diesel,1,93900.00,,2018-01-01 00:00:00,2018-01-01 00:00:00,PZ274ZZ
621,11,2018,Petrol,14,184200.00,,2018-01-01 00:00:00,2018-01-01 00:00:00,PZ594NY
622,5,2018,Petrol,6,93900.00,,2018-01-01 00:00:00,2018-01-01 00:00:00,PZ394DV
623,3,2018,Petrol,14,65000.00,,2018-01-01 00:00:00,2018-01-01 00:00:00,PZ713RM
624,9,2018,Diesel,8,101400.00,,2018-01-01 00:00:00,2018-01-01 00:00:00,PZ557LQ
625,10,2018,Diesel,3,108000.00,,2018-01-01 00:00:00,2018-01-01 00:00:00,PZ282OS
626,6,2018,Petrol,11,82000.00,,2018-01-01 00:00:00,2018-01-01 00:00:00,PZ277GB
627,3,2018,Petrol,13,65000.00,,2018-01-01 00:00:00,2018-01-01 00:00:00,PZ175XX
628,7,2018,Petrol,13,108000.00,,2018-01-01 00:00:00,2018-01-01 00:00:00,PZ595ZS
629,1,2018,Diesel,5,70900.00,,2018-01-01 00:00:00,2018-01-01 00:00:00,PZ143DV
630,1,2018,Diesel,4,70900.00,,2018-01-01 00:00:00,2018-01-01 00:00:00,PZ366YS
631,7,2018,Petrol,3,108000.00,,2018-01-01 00:00:00,2018-01-01 00:00:00,PZ949DC
632,8,2018,Diesel,6,146700.00,,2018-01-01 00:00:00,2018-01-01 00:00:00,PZ954ST
633,8,2018,Diesel,13,146700.00,,2018-01-01 00:00:00,2018-01-01 00:00:00,PZ410XT
634,4,2018,Diesel,4,66900.00,,2018-01-01 00:00:00,2018-01-01 00:00:00,PZ644HG
635,6,2018,Petrol,1,82000.00,,2018-01-01 00:00:00,2018-01-01 00:00:00,PZ167RH
636,11,2018,Diesel,9,184200.00,,2018-01-01 00:00:00,2018-01-01 00:00:00,PZ209BF
637,11,2018,Petrol,11,184200.00,,2018-01-01 00:00:00,2018-01-01 00:00:00,PZ192GN
638,3,2018,Petrol,4,65000.00,,2018-01-01 00:00:00,2018-01-01 00:00:00,PZ953PE
639,11,2018,Petrol,12,184200.00,,2018-01-01 00:00:00,2018-01-01 00:00:00,PZ860QS
640,10,2018,Diesel,11,108000.00,,2018-01-01 00:00:00,2018-01-01 00:00:00,PZ991LJ
641,9,2018,Petrol,8,101400.00,,2018-01-01 00:00:00,2018-01-01 00:00:00,PZ807YE
642,4,2018,Petrol,5,66900.00,,2018-01-01 00:00:00,2018-01-01 00:00:00,PZ955YX
643,7,2018,Petrol,12,108000.00,,2018-01-01 00:00:00,2018-01-01 00:00:00,PZ200AA
644,5,2018,Petrol,12,93900.00,,2018-01-01 00:00:00,2018-01-01 00:00:00,PZ490FH
645,10,2018,Petrol,11,108000.00,,2018-01-01 00:00:00,2018-01-01 00:00:00,PZ554KZ
646,11,2018,Diesel,9,184200.00,,2018-01-01 00:00:00,2018-01-01 00:00:00,PZ732VC
647,8,2018,Petrol,8,146700.00,,2018-01-01 00:00:00,2018-01-01 00:00:00,PZ911DI
648,11,2018,Petrol,15,184200.00,,2018-01-01 00:00:00,2018-01-01 00:00:00,PZ225ZD
649,10,2018,Diesel,12,108000.00,,2018-01-01 00:00:00,2018-01-01 00:00:00,PZ187QQ
650,1,2018,Diesel,8,70900.00,,2018-01-01 00:00:00,2018-01-01 00:00:00,PZ277NX
651,10,2018,Petrol,10,108000.00,,2018-01-01 00:00:00,2018-01-01 00:00:00,PZ168FA
652,11,2018,Diesel,5,184200.00,,2018-01-01 00:00:00,2018-01-01 00:00:00,PZ677AU
653,6,2018,Petrol,14,82000.00,,2018-01-01 00:00:00,2018-01-01 00:00:00,PZ306HO
654,12,2018,Diesel,12,136200.00,,2018-01-01 00:00:00,2018-01-01 00:00:00,PZ494NX
655,2,2018,Diesel,3,58500.00,,2018-01-01 00:00:00,2018-01-01 00:00:00,PZ724UZ
656,4,2018,Petrol,15,66900.00,,2018-01-01 00:00:00,2018-01-01 00:00:00,PZ463BK
657,9,2018,Petrol,14,101400.00,,2018-01-01 00:00:00,2018-01-01 00:00:00,PZ995HY
658,11,2018,Diesel,7,184200.00,,2018-01-01 00:00:00,2018-01-01 00:00:00,PZ640AS
659,4,2018,Diesel,1,66900.00,,2018-01-01 00:00:00,2018-01-01 00:00:00,PZ974OI
660,3,2018,Petrol,12,65000.00,,2018-01-01 00:00:00,2018-01-01 00:00:00,PZ952BT
661,4,2018,Diesel,6,66900.00,,2018-01-01 00:00:00,2018-01-01 00:00:00,PZ245RV
662,4,2018,Diesel,5,66900.00,,2018-01-01 00:00:00,2018-01-01 00:00:00,PZ809SA
663,2,2018,Diesel,13,58500.00,,2018-01-01 00:00:00,2018-01-01 00:00:00,PZ672VC
664,6,2018,Petrol,10,82000.00,,2018-01-01 00:00:00,2018-01-01 00:00:00,PZ393BZ
665,10,2018,Petrol,9,108000.00,,2018-01-01 00:00:00,2018-01-01 00:00:00,PZ602NL
666,9,2018,Petrol,4,101400.00,,2018-01-01 00:00:00,2018-01-01 00:00:00,PZ675DC
667,5,2018,Diesel,15,93900.00,,2018-01-01 00:00:00,2018-01-01 00:00:00,PZ936ZG
668,3,2018,Petrol,1,65000.00,,2018-01-01 00:00:00,2018-01-01 00:00:00,PZ968WP
669,10,2018,Petrol,9,108000.00,,2018-01-01 00:00:00,2018-01-01 00:00:00,PZ191SV
670,9,2018,Petrol,11,101400.00,,2018-01-01 00:00:00,2018-01-01 00:00:00,PZ526YC
671,8,2018,Diesel,2,146700.00,,2018-01-01 00:00:00,2018-01-01 00:00:00,PZ644DW
672,8,2018,Diesel,5,146700.00,,2018-01-01 00:00:00,2018-01-01 00:00:00,PZ743XI
673,4,2018,Petrol,11,66900.00,,2018-01-01 00:00:00,2018-01-01 00:00:00,PZ490TP
674,11,2018,Petrol,12,184200.00,,2018-01-01 00:00:00,2018-01-01 00:00:00,PZ667RN
675,12,2018,Diesel,11,136200.00,,2018-01-01 00:00:00,2018-01-01 00:00:00,PZ494BI
676,3,2018,Diesel,5,65000.00,,2018-01-01 00:00:00,2018-01-01 00:00:00,PZ401AT
677,2,2018,Diesel,1,58500.00,,2018-01-01 00:00:00,2018-01-01 00:00:00,PZ741NU
678,11,2018,Diesel,1,184200.00,,2018-01-01 00:00:00,2018-01-01 00:00:00,PZ714YC
679,4,2018,Diesel,9,66900.00,,2018-01-01 00:00:00,2018-01-01 00:00:00,PZ346RH
680,11,2018,Petrol,7,184200.00,,2018-01-01 00:00:00,2018-01-01 00:00:00,PZ170GF
681,5,2018,Diesel,15,93900.00,,2018-01-01 00:00:00,2018-01-01 00:00:00,PZ865UU
682,9,2018,Petrol,9,101400.00,,2018-01-01 00:00:00,2018-01-01 00:00:00,PZ644PG
683,4,2018,Petrol,9,66900.00,,2018-01-01 00:00:00,2018-01-01 00:00:00,PZ560KT
684,4,2018,Diesel,11,66900.00,,2018-01-01 00:00:00,2018-01-01 00:00:00,PZ271JY
685,5,2018,Diesel,15,93900.00,,2018-01-01 00:00:00,2018-01-01 00:00:00,PZ551KP
686,5,2018,Petrol,5,93900.00,,2018-01-01 00:00:00,2018-01-01 00:00:00,PZ785PM
687,6,2018,Diesel,1,82000.00,,2018-01-01 00:00:00,2018-01-01 00:00:00,PZ520SB
688,2,2018,Diesel,9,58500.00,,2018-01-01 00:00:00,2018-01-01 00:00:00,PZ262NZ
689,10,2018,Petrol,12,108000.00,,2018-01-01 00:00:00,2018-01-01 00:00:00,PZ675TQ
690,2,2018,Diesel,9,58500.00,,2018-01-01 00:00:00,2018-01-01 00:00:00,PZ452SI
691,8,2018,Diesel,4,146700.00,,2018-01-01 00:00:00,2018-01-01 00:00:00,PZ917ZE
692,7,2018,Diesel,11,108000.00,,2018-01-01 00:00:00,2018-01-01 00:00:00,PZ767AZ
693,12,2018,Petrol,9,136200.00,,2018-01-01 00:00:00,2018-01-01 00:00:00,PZ354BD
694,5,2018,Petrol,14,93900.00,,2018-01-01 00:00:00,2018-01-01 00:00:00,PZ284UF
695,8,2018,Petrol,9,146700.00,,2018-01-01 00:00:00,2018-01-01 00:00:00,PZ345XY
696,5,2018,Petrol,14,93900.00,,2018-01-01 00:00:00,2018-01-01 00:00:00,PZ626UW
697,1,2018,Petrol,6,70900.00,,2018-01-01 00:00:00,2018-01-01 00:00:00,PZ897JS
698,10,2018,Petrol,14,108000.00,,2018-01-01 00:00:00,2018-01-01 00:00:00,PZ363XR
699,3,2018,Petrol,2,65000.00,,2018-01-01 00:00:00,2018-01-01 00:00:00,PZ731WS
700,2,2018,diesle,3,58500.00,,2018-01-01 00:00:00,2018-01-01 00:00:00,PZ923IY
701,3,2018,Petrol,13,65000.00,,2018-01-01 00:00:00,2018-01-01 00:00:00,PZ794IU
702,3,2018,Petrol,4,65000.00,,2018-01-01 00:00:00,2018-01-01 00:00:00,PZ530WU
703,6,2018,Diesel,6,82000.00,,2018-01-01 00:00:00,2018-01-01 00:00:00,PZ203MM
704,4,2018,Diesel,11,66900.00,,2018-01-01 00:00:00,2018-01-01 00:00:00,PZ437JN
705,9,2018,Petrol,4,101400.00,,2018-01-01 00:00:00,2018-01-01 00:00:00,PZ541VA
706,3,2018,Petrol,14,65000.00,,2018-01-01 00:00:00,2018-01-01 00:00:00,PZ297NK
707,8,2018,Diesel,8,146700.00,,2018-01-01 00:00:00,2018-01-01 00:00:00,PZ702QK
708,12,2018,Diesel,14,136200.00,,2018-01-01 00:00:00,2018-01-01 00:00:00,PZ388RL
709,3,2019,Petrol,1,68000.00,,2019-01-01 00:00:00,2019-01-01 00:00:00,PZ911ZZ
710,4,2019,Petrol,6,69900.00,,2019-01-01 00:00:00,2019-01-01 00:00:00,PZ787MW
711,7,2019,Petrol,5,111000.00,,2019-01-01 00:00:00,2019-01-01 00:00:00,PZ712UA
712,10,2019,Diesel,13,111000.00,,2019-01-01 00:00:00,2019-01-01 00:00:00,PZ411YB
713,1,2019,Diesel,10,73900.00,,2019-01-01 00:00:00,2019-01-01 00:00:00,PZ618YJ
714,3,2019,Petrol,13,68000.00,,2019-01-01 00:00:00,2019-01-01 00:00:00,PZ501JJ
715,4,2019,Petol,3,69900.00,,2019-01-01 00:00:00,2019-01-01 00:00:00,PZ691TK
716,9,2019,Diesel,4,104400.00,,2019-01-01 00:00:00,2019-01-01 00:00:00,PZ616AA
717,6,2019,Diesel,15,85000.00,,2019-01-01 00:00:00,2019-01-01 00:00:00,PZ430GZ
718,8,2019,Petrol,3,149700.00,,2019-01-01 00:00:00,2019-01-01 00:00:00,PZ876QQ
719,10,2019,Diesel,14,111000.00,,2019-01-01 00:00:00,2019-01-01 00:00:00,PZ488LG
720,12,2019,Petrol,4,139200.00,,2019-01-01 00:00:00,2019-01-01 00:00:00,PZ507TO
721,12,2019,Petrol,11,139200.00,,2019-01-01 00:00:00,2019-01-01 00:00:00,PZ177ZY
722,8,2019,Diesel,15,149700.00,,2019-01-01 00:00:00,2019-01-01 00:00:00,PZ601HZ
723,2,2019,Diesel,2,61500.00,,2019-01-01 00:00:00,2019-01-01 00:00:00,PZ883RI
724,2,2019,Petrol,9,61500.00,,2019-01-01 00:00:00,2019-01-01 00:00:00,PZ957YW
725,5,2019,Petrol,10,96900.00,,2019-01-01 00:00:00,2019-01-01 00:00:00,PZ563SN
726,10,2019,Petrol,7,111000.00,,2019-01-01 00:00:00,2019-01-01 00:00:00,PZ405RP
727,8,2019,Diesel,5,149700.00,,2019-01-01 00:00:00,2019-01-01 00:00:00,PZ758IA
728,9,2019,Petrol,15,104400.00,,2019-01-01 00:00:00,2019-01-01 00:00:00,PZ193IX
729,1,2019,Petrol,5,73900.00,,2019-01-01 00:00:00,2019-01-01 00:00:00,PZ279GJ
730,9,2019,Petrol,7,104400.00,,2019-01-01 00:00:00,2019-01-01 00:00:00,PZ113ZL
731,12,2019,Diesel,4,139200.00,,2019-01-01 00:00:00,2019-01-01 00:00:00,PZ711QZ
732,6,2019,Diesel,9,85000.00,,2019-01-01 00:00:00,2019-01-01 00:00:00,PZ651TE
733,3,2019,Petrol,15,68000.00,,2019-01-01 00:00:00,2019-01-01 00:00:00,PZ446XB
734,10,2019,Diesel,10,111000.00,,2019-01-01 00:00:00,2019-01-01 00:00:00,PZ113EG
735,3,2019,Petrol,11,68000.00,,2019-01-01 00:00:00,2019-01-01 00:00:00,PZ568AN
736,8,2019,Petrol,5,149700.00,,2019-01-01 00:00:00,2019-01-01 00:00:00,PZ413GS
737,5,2019,Diesel,11,96900.00,,2019-01-01 00:00:00,2019-01-01 00:00:00,PZ157OL
738,3,2020,Petrol,4,71000.00,,2020-01-01 00:00:00,2020-01-01 00:00:00,PZ849HY
739,12,2020,Diesel,10,142200.00,,2020-01-01 00:00:00,2020-01-01 00:00:00,PZ431PS
740,1,2020,Diesel,11,76900.00,,2020-01-01 00:00:00,2020-01-01 00:00:00,PZ265PR
741,7,2020,Petrol,5,114000.00,,2020-01-01 00:00:00,2020-01-01 00:00:00,PZ324RX
742,9,2020,Petrol,2,107400.00,,2020-01-01 00:00:00,2020-01-01 00:00:00,PZ850RJ
743,6,2020,Petrol,1,88000.00,,2020-01-01 00:00:00,2020-01-01 00:00:00,PZ757KC
744,7,2020,Petrol,6,114000.00,,2020-01-01 00:00:00,2020-01-01 00:00:00,PZ912IP
745,12,2020,Diesel,10,142200.00,,2020-01-01 00:00:00,2020-01-01 00:00:00,PZ728ML
746,12,2020,Diesel,4,142200.00,,2020-01-01 00:00:00,2020-01-01 00:00:00,PZ975LW
747,11,2020,Petrol,8,190200.00,,2020-01-01 00:00:00,2020-01-01 00:00:00,PZ463OH
748,7,2020,Petrol,6,114000.00,,2020-01-01 00:00:00,2020-01-01 00:00:00,PZ252SY
749,3,2020,Diesel,2,71000.00,,2020-01-01 00:00:00,2020-01-01 00:00:00,PZ586AI
750,5,2020,Petrol,5,99900.00,,2020-01-01 00:00:00,2020-01-01 00:00:00,PZ774DD
751,5,2020,Diesel,14,99900.00,,2020-01-01 00:00:00,2020-01-01 00:00:00,PZ333CA
752,7,2020,Petrol,7,114000.00,,2020-01-01 00:00:00,2020-01-01 00:00:00,PZ601TL
753,4,2020,Petrol,5,72900.00,,2020-01-01 00:00:00,2020-01-01 00:00:00,PZ711YR
754,8,2020,Diesel,8,152700.00,,2020-01-01 00:00:00,2020-01-01 00:00:00,PZ714SW
755,5,2020,Petrol,5,99900.00,,2020-01-01 00:00:00,2020-01-01 00:00:00,PZ734IW
756,2,2020,Diesel,5,64500.00,,2020-01-01 00:00:00,2020-01-01 00:00:00,PZ570XN
757,2,2020,Diesel,6,64500.00,,2020-01-01 00:00:00,2020-01-01 00:00:00,PZ503BU
758,12,2020,Petrol,6,142200.00,,2020-01-01 00:00:00,2020-01-01 00:00:00,PZ631AN
759,10,2020,Petol,8,114000.00,,2020-01-01 00:00:00,2020-01-01 00:00:00,PZ495SI
760,11,2020,Diesel,4,190200.00,,2020-01-01 00:00:00,2020-01-01 00:00:00,PZ178KQ
761,12,2020,Petrol,5,142200.00,,2020-01-01 00:00:00,2020-01-01 00:00:00,PZ425BB
762,4,2020,Diesel,4,72900.00,,2020-01-01 00:00:00,2020-01-01 00:00:00,PZ345BZ
763,11,2020,Petrol,12,190200.00,,2020-01-01 00:00:00,2020-01-01 00:00:00,PZ503CV
764,8,2020,Petrol,8,152700.00,,2020-01-01 00:00:00,2020-01-01 00:00:00,PZ813PJ
765,3,2020,Petrol,9,71000.00,,2020-01-01 00:00:00,2020-01-01 00:00:00,PZ387XV
766,10,2020,Petrol,8,114000.00,,2020-01-01 00:00:00,2020-01-01 00:00:00,PZ547TI
767,7,2020,Diesel,2,114000.00,,2020-01-01 00:00:00,2020-01-01 00:00:00,PZ139QN
768,9,2020,Petrol,2,107400.00,,2020-01-01 00:00:00,2020-01-01 00:00:00,PZ566OB
769,4,2020,Petrol,5,72900.00,,2020-01-01 00:00:00,2020-01-01 00:00:00,PZ363CA
770,4,2020,diesle,6,72900.00,,2020-01-01 00:00:00,2020-01-01 00:00:00,PZ274JD
771,9,2020,Petrol,5,107400.00,,2020-01-01 00:00:00,2020-01-01 00:00:00,PZ587AT
772,12,2020,Petrol,15,142200.00,,2020-01-01 00:00:00,2020-01-01 00:00:00,PZ967IR
773,11,2020,Petrol,6,190200.00,,2020-01-01 00:00:00,2020-01-01 00:00:00,PZ233FA
774,5,2020,Petrol,12,99900.00,,2020-01-01 00:00:00,2020-01-01 00:00:00,PZ694RW
775,12,2020,Petrol,4,142200.00,,2020-01-01 00:00:00,2020-01-01 00:00:00,PZ550BD
776,4,2020,Diesel,13,72900.00,,2020-01-01 00:00:00,2020-01-01 00:00:00,PZ703KO
777,2,2020,Diesel,14,64500.00,,2020-01-01 00:00:00,2020-01-01 00:00:00,PZ299SJ
778,4,2020,Diesel,13,72900.00,,2020-01-01 00:00:00,2020-01-01 00:00:00,PZ611BX
779,12,2020,Diesel,6,142200.00,,2020-01-01 00:00:00,2020-01-01 00:00:00,PZ849QY
780,7,2020,Petrol,8,114000.00,,2020-01-01 00:00:00,2020-01-01 00:00:00,PZ680RN
781,11,2020,Petrol,12,190200.00,,2020-01-01 00:00:00,2020-01-01 00:00:00,PZ733QG
782,7,2020,Diesel,4,114000.00,,2020-01-01 00:00:00,2020-01-01 00:00:00,PZ276TD
783,1,2020,Petrol,9,76900.00,,2020-01-01 00:00:00,2020-01-01 00:00:00,PZ544BW
784,1,2020,Diesel,10,76900.00,,2020-01-01 00:00:00,2020-01-01 00:00:00,PZ598WB
785,9,2020,Diesel,11,107400.00,,2020-01-01 00:00:00,2020-01-01 00:00:00,PZ873KK
786,9,2020,Diesel,12,107400.00,,2020-01-01 00:00:00,2020-01-01 00:00:00,PZ555SL
787,7,2020,Diesel,13,114000.00,,2020-01-01 00:00:00,2020-01-01 00:00:00,PZ908BG
788,12,2020,Diesel,4,142200.00,,2020-01-01 00:00:00,2020-01-01 00:00:00,PZ325LF
789,10,2020,Petrol,14,114000.00,,2020-01-01 00:00:00,2020-01-01 00:00:00,PZ302PJ
790,5,2020,Petrol,3,99900.00,,2020-01-01 00:00:00,2020-01-01 00:00:00,PZ359KN
791,3,2020,Diesel,15,71000.00,,2020-01-01 00:00:00,2020-01-01 00:00:00,PZ604DD
792,10,2020,Petrol,12,114000.00,,2020-01-01 00:00:00,2020-01-01 00:00:00,PZ836KH
793,11,2020,Petrol,1,190200.00,,2020-01-01 00:00:00,2020-01-01 00:00:00,PZ724AH
794,5,2020,Petrol,11,99900.00,,2020-01-01 00:00:00,2020-01-01 00:00:00,PZ117SR
795,2,2020,Diesel,3,64500.00,,2020-01-01 00:00:00,2020-01-01 00:00:00,PZ112PX
796,7,2020,Petrol,1,114000.00,,2020-01-01 00:00:00,2020-01-01 00:00:00,PZ864VI
797,3,2020,Diesel,1,71000.00,,2020-01-01 00:00:00,2020-01-01 00:00:00,PZ820HR
798,2,2020,Petrol,12,64500.00,,2020-01-01 00:00:00,2020-01-01 00:00:00,PZ629HL
799,9,2020,Diesel,11,107400.00,,2020-01-01 00:00:00,2020-01-01 00:00:00,PZ909AZ
800,10,2020,Diesel,1,114000.00,,2020-01-01 00:00:00,2020-01-01 00:00:00,PZ828TL
801,8,2020,Diesel,11,152700.00,,2020-01-01 00:00:00,2020-01-01 00:00:00,PZ795YB
802,2,2020,Diesel,6,64500.00,,2020-01-01 00:00:00,2020-01-01 00:00:00,PZ396VH
803,12,2020,Petrol,11,142200.00,,2020-01-01 00:00:00,2020-01-01 00:00:00,PZ207RL
804,8,2020,Diesel,2,152700.00,,2020-01-01 00:00:00,2020-01-01 00:00:00,PZ572XX
805,10,2020,Diesel,9,114000.00,,2020-01-01 00:00:00,2020-01-01 00:00:00,PZ971NY
806,11,2020,Diesel,4,190200.00,,2020-01-01 00:00:00,2020-01-01 00:00:00,PZ938YT
807,10,2020,Diesel,7,114000.00,,2020-01-01 00:00:00,2020-01-01 00:00:00,PZ288HT
808,4,2020,Diesel,10,72900.00,,2020-01-01 00:00:00,2020-01-01 00:00:00,PZ672JK
809,3,2020,Petrol,6,71000.00,,2020-01-01 00:00:00,2020-01-01 00:00:00,PZ955RH
810,2,2020,Petrol,2,64500.00,,2020-01-01 00:00:00,2020-01-01 00:00:00,PZ362GY
811,9,2020,Diesel,10,107400.00,,2020-01-01 00:00:00,2020-01-01 00:00:00,PZ930HS
812,12,2020,diesle,5,142200.00,,2020-01-01 00:00:00,2020-01-01 00:00:00,PZ675LM
813,7,2020,Petrol,1,114000.00,,2020-01-01 00:00:00,2020-01-01 00:00:00,PZ861MR
814,11,2020,Petrol,9,190200.00,,2020-01-01 00:00:00,2020-01-01 00:00:00,PZ561RN
815,11,2020,Petrol,5,190200.00,,2020-01-01 00:00:00,2020-01-01 00:00:00,PZ244BO
816,5,2020,Petrol,7,99900.00,,2020-01-01 00:00:00,2020-01-01 00:00:00,PZ672LA
817,7,2020,Petrol,10,114000.00,,2020-01-01 00:00:00,2020-01-01 00:00:00,PZ685BP
818,4,2020,Diesel,5,72900.00,,2020-01-01 00:00:00,2020-01-01 00:00:00,PZ135DH
819,12,2020,Diesel,7,142200.00,,2020-01-01 00:00:00,2020-01-01 00:00:00,PZ578LS
820,1,2020,Diesel,9,76900.00,,2020-01-01 00:00:00,2020-01-01 00:00:00,PZ180RX
821,9,2020,Diesel,14,107400.00,,2020-01-01 00:00:00,2020-01-01 00:00:00,PZ557ZQ
822,6,2020,Petrol,7,88000.00,,2020-01-01 00:00:00,2020-01-01 00:00:00,PZ454IG
823,2,2020,Diesel,5,64500.00,,2020-01-01 00:00:00,2020-01-01 00:00:00,PZ373XF
824,7,2020,Diesel,14,114000.00,,2020-01-01 00:00:00,2020-01-01 00:00:00,PZ220QX
825,9,2020,Petrol,12,107400.00,,2020-01-01 00:00:00,2020-01-01 00:00:00,PZ102SH
826,1,2020,Diesel,3,76900.00,,2020-01-01 00:00:00,2020-01-01 00:00:00,PZ639RR
827,11,2020,Diesel,9,190200.00,,2020-01-01 00:00:00,2020-01-01 00:00:00,PZ721SF
828,1,2020,Diesel,7,76900.00,,2020-01-01 00:00:00,2020-01-01 00:00:00,PZ129BQ
829,6,2020,diesle,8,88000.00,,2020-01-01 00:00:00,2020-01-01 00:00:00,PZ635GI
830,4,2020,Petrol,7,72900.00,,2020-01-01 00:00:00,2020-01-01 00:00:00,PZ117CL
831,2,2020,Diesel,9,64500.00,,2020-01-01 00:00:00,2020-01-01 00:00:00,PZ284FQ
832,7,2020,Diesel,12,114000.00,,2020-01-01 00:00:00,2020-01-01 00:00:00,PZ398PW
833,7,2020,Petrol,1,114000.00,,2020-01-01 00:00:00,2020-01-01 00:00:00,PZ795WR
834,2,2020,Diesel,13,64500.00,,2020-01-01 00:00:00,2020-01-01 00:00:00,PZ824CY
835,1,2020,Diesel,8,76900.00,,2020-01-01 00:00:00,2020-01-01 00:00:00,PZ543HI
836,2,2020,Diesel,10,64500.00,,2020-01-01 00:00:00,2020-01-01 00:00:00,PZ219AD
837,10,2020,Petrol,15,114000.00,,2020-01-01 00:00:00,2020-01-01 00:00:00,PZ918VC
838,7,2020,Petrol,10,114000.00,,2020-01-01 00:00:00,2020-01-01 00:00:00,PZ589QC
839,10,2020,Petrol,10,114000.00,,2020-01-01 00:00:00,2020-01-01 00:00:00,PZ671VW
840,8,2020,Diesel,11,152700.00,,2020-01-01 00:00:00,2020-01-01 00:00:00,PZ281IC
841,9,2020,Diesel,5,107400.00,,2020-01-01 00:00:00,2020-01-01 00:00:00,PZ850EB
842,4,2020,Petrol,13,72900.00,,2020-01-01 00:00:00,2020-01-01 00:00:00,PZ707VZ
843,3,2020,Petrol,15,71000.00,,2020-01-01 00:00:00,2020-01-01 00:00:00,PZ400DT
844,5,2020,Diesel,12,99900.00,,2020-01-01 00:00:00,2020-01-01 00:00:00,PZ270ZS
845,11,2020,Petrol,14,190200.00,,2020-01-01 00:00:00,2020-01-01 00:00:00,PZ290LI
846,1,2020,Petrol,2,76900.00,,2020-01-01 00:00:00,2020-01-01 00:00:00,PZ758ZW
847,1,2020,Petrol,13,76900.00,,2020-01-01 00:00:00,2020-01-01 00:00:00,PZ972LT
848,10,2020,Diesel,14,114000.00,,2020-01-01 00:00:00,2020-01-01 00:00:00,PZ104EI
849,9,2020,Petrol,4,107400.00,,2020-01-01 00:00:00,2020-01-01 00:00:00,PZ544AB
850,5,2020,Diesel,8,99900.00,,2020-01-01 00:00:00,2020-01-01 00:00:00,PZ202UZ
851,6,2020,Diesel,13,88000.00,,2020-01-01 00:00:00,2020-01-01 00:00:00,PZ872VC
852,1,2020,Petrol,7,76900.00,,2020-01-01 00:00:00,2020-01-01 00:00:00,PZ124GJ
853,5,2020,Diesel,12,99900.00,,2020-01-01 00:00:00,2020-01-01 00:00:00,PZ460VL
854,11,2020,Petrol,12,190200.00,,2020-01-01 00:00:00,2020-01-01 00:00:00,PZ890QM
855,11,2020,Petrol,8,190200.00,,2020-01-01 00:00:00,2020-01-01 00:00:00,PZ217ZO
856,12,2020,Diesel,2,142200.00,,2020-01-01 00:00:00,2020-01-01 00:00:00,PZ818ZC
857,7,2020,Diesel,2,114000.00,,2020-01-01 00:00:00,2020-01-01 00:00:00,PZ515WR
858,1,2020,Petrol,9,76900.00,,2020-01-01 00:00:00,2020-01-01 00:00:00,PZ557PL
859,10,2020,Petrol,15,114000.00,,2020-01-01 00:00:00,2020-01-01 00:00:00,PZ305OD
860,5,2020,Petrol,3,99900.00,,2020-01-01 00:00:00,2020-01-01 00:00:00,PZ342FO
861,8,2020,Petrol,10,152700.00,,2020-01-01 00:00:00,2020-01-01 00:00:00,PZ752CJ
862,1,2020,Diesel,4,76900.00,,2020-01-01 00:00:00,2020-01-01 00:00:00,PZ297IQ
863,5,2020,Petrol,14,99900.00,,2020-01-01 00:00:00,2020-01-01 00:00:00,PZ463FV
864,9,2020,Diesel,3,107400.00,,2020-01-01 00:00:00,2020-01-01 00:00:00,PZ840EX
865,11,2020,Petrol,7,190200.00,,2020-01-01 00:00:00,2020-01-01 00:00:00,PZ338DX
866,1,2020,Petrol,2,76900.00,,2020-01-01 00:00:00,2020-01-01 00:00:00,PZ127XU
867,10,2020,Diesel,15,114000.00,,2020-01-01 00:00:00,2020-01-01 00:00:00,PZ724KT
868,9,2020,Petrol,7,107400.00,,2020-01-01 00:00:00,2020-01-01 00:00:00,PZ700VA
869,9,2020,Diesel,8,107400.00,,2020-01-01 00:00:00,2020-01-01 00:00:00,PZ154UI
870,5,2020,Diesel,5,99900.00,,2020-01-01 00:00:00,2020-01-01 00:00:00,PZ462YI
871,12,2020,Petrol,15,142200.00,,2020-01-01 00:00:00,2020-01-01 00:00:00,PZ239UU
872,1,2020,Petrol,2,76900.00,,2020-01-01 00:00:00,2020-01-01 00:00:00,PZ900PT
873,3,2020,Diesel,12,71000.00,,2020-01-01 00:00:00,2020-01-01 00:00:00,PZ338CU
874,5,2020,Diesel,7,99900.00,,2020-01-01 00:00:00,2020-01-01 00:00:00,PZ464KQ
875,12,2020,Petrol,2,142200.00,,2020-01-01 00:00:00,2020-01-01 00:00:00,PZ424JI
876,3,2020,Petrol,2,71000.00,,2020-01-01 00:00:00,2020-01-01 00:00:00,PZ783UB
877,10,2020,Petrol,14,114000.00,,2020-01-01 00:00:00,2020-01-01 00:00:00,PZ297RS
878,8,2020,Diesel,10,152700.00,,2020-01-01 00:00:00,2020-01-01 00:00:00,PZ448HJ
879,8,2020,Petrol,9,152700.00,,2020-01-01 00:00:00,2020-01-01 00:00:00,PZ629TD
880,7,2020,Petrol,10,114000.00,,2020-01-01 00:00:00,2020-01-01 00:00:00,PZ406RQ
881,11,2020,Petrol,11,190200.00,,2020-01-01 00:00:00,2020-01-01 00:00:00,PZ203KX
882,7,2020,Petrol,9,114000.00,,2020-01-01 00:00:00,2020-01-01 00:00:00,PZ350QQ
883,2,2020,Diesel,5,64500.00,,2020-01-01 00:00:00,2020-01-01 00:00:00,PZ856AW
884,1,2020,Petrol,5,76900.00,,2020-01-01 00:00:00,2020-01-01 00:00:00,PZ918NC
885,6,2020,Petrol,10,88000.00,,2020-01-01 00:00:00,2020-01-01 00:00:00,PZ609UX
886,1,2020,Petrol,8,76900.00,,2020-01-01 00:00:00,2020-01-01 00:00:00,PZ435PL
887,6,2020,Petrol,14,88000.00,,2020-01-01 00:00:00,2020-01-01 00:00:00,PZ164VB
888,8,2020,Petrol,3,152700.00,,2020-01-01 00:00:00,2020-01-01 00:00:00,PZ343ZU
889,4,2020,Diesel,15,72900.00,,2020-01-01 00:00:00,2020-01-01 00:00:00,PZ877YO
890,6,2020,Petrol,1,88000.00,,2020-01-01 00:00:00,2020-01-01 00:00:00,PZ637DT
891,3,2020,Diesel,1,71000.00,,2020-01-01 00:00:00,2020-01-01 00:00:00,PZ102PC
892,5,2020,Diesel,5,99900.00,,2020-01-01 00:00:00,2020-01-01 00:00:00,PZ127ZS
893,6,2020,Diesel,10,88000.00,,2020-01-01 00:00:00,2020-01-01 00:00:00,PZ533FT
894,6,2020,Petrol,3,88000.00,,2020-01-01 00:00:00,2020-01-01 00:00:00,PZ674ZK
895,3,2020,Diesel,5,71000.00,,2020-01-01 00:00:00,2020-01-01 00:00:00,PZ469MK
896,9,2020,Petrol,2,107400.00,,2020-01-01 00:00:00,2020-01-01 00:00:00,PZ128XS
897,4,2020,Petrol,7,72900.00,,2020-01-01 00:00:00,2020-01-01 00:00:00,PZ115KI
898,1,2020,Diesel,1,76900.00,,2020-01-01 00:00:00,2020-01-01 00:00:00,PZ972KO
899,9,2020,Petrol,7,107400.00,,2020-01-01 00:00:00,2020-01-01 00:00:00,PZ554VA
900,1,2020,Petrol,1,76900.00,,2020-01-01 00:00:00,2020-01-01 00:00:00,PZ779YK
901,2,2020,Diesel,15,64500.00,,2020-01-01 00:00:00,2020-01-01 00:00:00,PZ276PK
902,5,2020,Diesel,13,99900.00,,2020-01-01 00:00:00,2020-01-01 00:00:00,PZ657NL
903,10,2020,Diesel,1,114000.00,,2020-01-01 00:00:00,2020-01-01 00:00:00,PZ950IO
904,10,2020,Diesel,1,114000.00,,2020-01-01 00:00:00,2020-01-01 00:00:00,PZ348SJ
905,11,2020,Petrol,12,190200.00,,2020-01-01 00:00:00,2020-01-01 00:00:00,PZ100RO
906,11,2020,Petrol,13,190200.00,,2020-01-01 00:00:00,2020-01-01 00:00:00,PZ122AN
907,11,2020,Petrol,12,190200.00,,2020-01-01 00:00:00,2020-01-01 00:00:00,PZ986JP
908,11,2020,Petrol,15,190200.00,,2020-01-01 00:00:00,2020-01-01 00:00:00,PZ998YR
909,2,2020,Petrol,10,64500.00,,2020-01-01 00:00:00,2020-01-01 00:00:00,PZ897XM
910,3,2020,Diesel,5,71000.00,,2020-01-01 00:00:00,2020-01-01 00:00:00,PZ606CL
911,10,2020,Petrol,9,114000.00,,2020-01-01 00:00:00,2020-01-01 00:00:00,PZ286PF
912,11,2020,Diesel,2,190200.00,,2020-01-01 00:00:00,2020-01-01 00:00:00,PZ349KR
913,9,2020,Diesel,3,107400.00,,2020-01-01 00:00:00,2020-01-01 00:00:00,PZ703WF
914,12,2020,Diesel,5,142200.00,,2020-01-01 00:00:00,2020-01-01 00:00:00,PZ493JE
915,10,2020,Petrol,15,114000.00,,2020-01-01 00:00:00,2020-01-01 00:00:00,PZ569JS
916,8,2020,Petrol,8,152700.00,,2020-01-01 00:00:00,2020-01-01 00:00:00,PZ941CL
917,8,2020,Diesel,2,152700.00,,2020-01-01 00:00:00,2020-01-01 00:00:00,PZ458AO
918,6,2020,Diesel,2,88000.00,,2020-01-01 00:00:00,2020-01-01 00:00:00,PZ901XC
919,3,2020,Petrol,14,71000.00,,2020-01-01 00:00:00,2020-01-01 00:00:00,PZ796WI
920,2,2020,Petrol,3,64500.00,,2020-01-01 00:00:00,2020-01-01 00:00:00,PZ381AN
921,9,2020,Petrol,5,107400.00,,2020-01-01 00:00:00,2020-01-01 00:00:00,PZ893PC
922,5,2020,Petrol,3,99900.00,,2020-01-01 00:00:00,2020-01-01 00:00:00,PZ894PD
923,4,2020,Diesel,6,72900.00,,2020-01-01 00:00:00,2020-01-01 00:00:00,PZ224RL
924,9,2020,Diesel,7,107400.00,,2020-01-01 00:00:00,2020-01-01 00:00:00,PZ540XU
925,10,2020,Diesel,12,114000.00,,2020-01-01 00:00:00,2020-01-01 00:00:00,PZ677IA
926,5,2020,Diesel,2,99900.00,,2020-01-01 00:00:00,2020-01-01 00:00:00,PZ849JN
927,8,2020,Petrol,4,152700.00,,2020-01-01 00:00:00,2020-01-01 00:00:00,PZ789PG
928,6,2020,Diesel,15,88000.00,,2020-01-01 00:00:00,2020-01-01 00:00:00,PZ394SD
929,4,2020,Diesel,15,72900.00,,2020-01-01 00:00:00,2020-01-01 00:00:00,PZ682KD
930,11,2020,Petrol,15,190200.00,,2020-01-01 00:00:00,2020-01-01 00:00:00,PZ787PO
931,2,2020,Diesel,4,64500.00,,2020-01-01 00:00:00,2020-01-01 00:00:00,PZ271NU
932,11,2020,Diesel,2,190200.00,,2020-01-01 00:00:00,2020-01-01 00:00:00,PZ194XB
933,11,2020,Petrol,2,190200.00,,2020-01-01 00:00:00,2020-01-01 00:00:00,PZ402HC
934,3,2020,Petrol,11,71000.00,,2020-01-01 00:00:00,2020-01-01 00:00:00,PZ726KH
935,12,2020,Diesel,3,142200.00,,2020-01-01 00:00:00,2020-01-01 00:00:00,PZ212VN
936,9,2020,Diesel,7,107400.00,,2020-01-01 00:00:00,2020-01-01 00:00:00,PZ754ZF
937,4,2020,Petrol,12,72900.00,,2020-01-01 00:00:00,2020-01-01 00:00:00,PZ592TU
938,6,2020,Petrol,9,88000.00,,2020-01-01 00:00:00,2020-01-01 00:00:00,PZ642NI
939,7,2020,Diesel,6,114000.00,,2020-01-01 00:00:00,2020-01-01 00:00:00,PZ726PG
940,1,2020,Petrol,15,76900.00,,2020-01-01 00:00:00,2020-01-01 00:00:00,PZ416KS
941,12,2021,Petrol,15,147200.00,,2021-01-01 00:00:00,2021-01-01 00:00:00,PZ300DL
942,1,2021,Petrol,2,81900.00,,2021-01-01 00:00:00,2021-01-01 00:00:00,PZ878EW
943,7,2021,Diesel,6,119000.00,,2021-01-01 00:00:00,2021-01-01 00:00:00,PZ141JZ
944,11,2021,Petrol,6,195200.00,,2021-01-01 00:00:00,2021-01-01 00:00:00,PZ718BS
945,7,2021,Petrol,1,119000.00,,2021-01-01 00:00:00,2021-01-01 00:00:00,PZ309OR
946,11,2021,Diesel,9,195200.00,,2021-01-01 00:00:00,2021-01-01 00:00:00,PZ831UP
947,2,2021,Diesel,10,69500.00,,2021-01-01 00:00:00,2021-01-01 00:00:00,PZ251ZS
948,10,2021,Diesel,11,119000.00,,2021-01-01 00:00:00,2021-01-01 00:00:00,PZ145KE
949,10,2021,Petrol,1,119000.00,,2021-01-01 00:00:00,2021-01-01 00:00:00,PZ786DF
950,3,2021,Diesel,7,76000.00,,2021-01-01 00:00:00,2021-01-01 00:00:00,PZ822OA
951,10,2021,Petrol,13,119000.00,,2021-01-01 00:00:00,2021-01-01 00:00:00,PZ995FZ
952,8,2021,Diesel,1,157700.00,,2021-01-01 00:00:00,2021-01-01 00:00:00,PZ187QV
953,9,2021,Petrol,10,112400.00,,2021-01-01 00:00:00,2021-01-01 00:00:00,PZ850DJ
954,9,2021,Diesel,1,112400.00,,2021-01-01 00:00:00,2021-01-01 00:00:00,PZ789MM
955,1,2021,Petrol,1,81900.00,,2021-01-01 00:00:00,2021-01-01 00:00:00,PZ568LD
956,11,2021,Petrol,4,195200.00,,2021-01-01 00:00:00,2021-01-01 00:00:00,PZ665SX
957,3,2021,Diesel,15,76000.00,,2021-01-01 00:00:00,2021-01-01 00:00:00,PZ180UR
958,6,2021,Diesel,15,93000.00,,2021-01-01 00:00:00,2021-01-01 00:00:00,PZ531LX
959,1,2021,Petrol,1,81900.00,,2021-01-01 00:00:00,2021-01-01 00:00:00,PZ917DM
960,10,2021,Petrol,15,119000.00,,2021-01-01 00:00:00,2021-01-01 00:00:00,PZ852ER
961,3,2021,Petrol,11,76000.00,,2021-01-01 00:00:00,2021-01-01 00:00:00,PZ190NG
962,11,2021,Petrol,1,195200.00,,2021-01-01 00:00:00,2021-01-01 00:00:00,PZ491ET
963,7,2021,Petrol,5,119000.00,,2021-01-01 00:00:00,2021-01-01 00:00:00,PZ110IA
964,5,2021,Petrol,9,104900.00,,2021-01-01 00:00:00,2021-01-01 00:00:00,PZ839JH
965,4,2021,Petrol,10,77900.00,,2021-01-01 00:00:00,2021-01-01 00:00:00,PZ272VM
966,6,2021,Petrol,9,93000.00,,2021-01-01 00:00:00,2021-01-01 00:00:00,PZ807OF
967,1,2021,Diesel,13,81900.00,,2021-01-01 00:00:00,2021-01-01 00:00:00,PZ752GI
968,2,2021,Diesel,7,69500.00,,2021-01-01 00:00:00,2021-01-01 00:00:00,PZ903JU
969,4,2021,Petrol,7,77900.00,,2021-01-01 00:00:00,2021-01-01 00:00:00,PZ479TX
970,9,2021,Petrol,15,112400.00,,2021-01-01 00:00:00,2021-01-01 00:00:00,PZ985II
971,4,2022,Diesel,2,84900.00,,2022-01-01 00:00:00,2022-01-01 00:00:00,PZ312XK
972,3,2022,Petrol,10,83000.00,,2022-01-01 00:00:00,2022-01-01 00:00:00,PZ410JJ
973,3,2022,Petrol,1,83000.00,,2022-01-01 00:00:00,2022-01-01 00:00:00,PZ357XW
974,10,2022,Diesel,12,126000.00,,2022-01-01 00:00:00,2022-01-01 00:00:00,PZ397EU
975,11,2022,Petrol,5,202200.00,,2022-01-01 00:00:00,2022-01-01 00:00:00,PZ698AC
976,8,2022,Petrol,13,164700.00,,2022-01-01 00:00:00,2022-01-01 00:00:00,PZ270PC
977,5,2022,Diesel,4,111900.00,,2022-01-01 00:00:00,2022-01-01 00:00:00,PZ864TS
978,2,2022,Petrol,4,76500.00,,2022-01-01 00:00:00,2022-01-01 00:00:00,PZ256TR
979,9,2022,Petrol,1,119400.00,,2022-01-01 00:00:00,2022-01-01 00:00:00,PZ673VB
980,9,2022,Diesel,10,119400.00,,2022-01-01 00:00:00,2022-01-01 00:00:00,PZ729KA
981,2,2022,Petrol,14,76500.00,,2022-01-01 00:00:00,2022-01-01 00:00:00,PZ968AV
982,8,2022,Diesel,4,164700.00,,2022-01-01 00:00:00,2022-01-01 00:00:00,PZ591QX
983,5,2022,Diesel,14,111900.00,,2022-01-01 00:00:00,2022-01-01 00:00:00,PZ650EN
984,10,2022,Petrol,4,126000.00,,2022-01-01 00:00:00,2022-01-01 00:00:00,PZ745SB
985,11,2022,Diesel,7,202200.00,,2022-01-01 00:00:00,2022-01-01 00:00:00,PZ413UU
986,7,2022,Diesel,3,126000.00,,2022-01-01 00:00:00,2022-01-01 00:00:00,PZ831AH
987,2,2022,Diesel,1,76500.00,,2022-01-01 00:00:00,2022-01-01 00:00:00,PZ762DK
988,3,2022,Petrol,14,83000.00,,2022-01-01 00:00:00,2022-01-01 00:00:00,PZ615LJ
989,12,2022,Diesel,15,154200.00,,2022-01-01 00:00:00,2022-01-01 00:00:00,PZ875OF
990,9,2022,Diesel,9,119400.00,,2022-01-01 00:00:00,2022-01-01 00:00:00,PZ588MW
991,8,2022,Diesel,13,164700.00,,2022-01-01 00:00:00,2022-01-01 00:00:00,PZ636ZC
992,7,2022,Petrol,4,126000.00,,2022-01-01 00:00:00,2022-01-01 00:00:00,PZ761CP
993,10,2022,Diesel,7,126000.00,,2022-01-01 00:00:00,2022-01-01 00:00:00,PZ200HA
994,10,2022,Diesel,8,126000.00,,2022-01-01 00:00:00,2022-01-01 00:00:00,PZ989CO
995,8,2022,Petrol,7,164700.00,,2022-01-01 00:00:00,2022-01-01 00:00:00,PZ869TF
996,7,2022,Diesel,13,126000.00,,2022-01-01 00:00:00,2022-01-01 00:00:00,PZ629GK
997,12,2022,Diesel,5,154200.00,,2022-01-01 00:00:00,2022-01-01 00:00:00,PZ818PU
998,8,2022,Petrol,4,164700.00,,2022-01-01 00:00:00,2022-01-01 00:00:00,PZ693DK
999,1,2022,Diesel,13,88900.00,,2022-01-01 00:00:00,2022-01-01 00:00:00,PZ364NR
1000,4,2022,Petrol,15,84900.00,,2022-01-01 00:00:00,2022-01-01 00:00:00,PZ219KN
1001,8,2022,Diesel,8,164700.00,,2022-01-01 00:00:00,2022-01-01 00:00:00,PZ528RH
1002,1,2022,Diesel,9,88900.00,,2022-01-01 00:00:00,2022-01-01 00:00:00,PZ730WC
1003,9,2022,Petrol,12,119400.00,,2022-01-01 00:00:00,2022-01-01 00:00:00,PZ826QY
1004,5,2022,Diesel,5,111900.00,,2022-01-01 00:00:00,2022-01-01 00:00:00,PZ106OI
1005,9,2022,Petrol,9,119400.00,,2022-01-01 00:00:00,2022-01-01 00:00:00,PZ947AB
1006,3,2022,Petrol,2,83000.00,,2022-01-01 00:00:00,2022-01-01 00:00:00,PZ757CP
1007,3,2022,Petrol,7,83000.00,,2022-01-01 00:00:00,2022-01-01 00:00:00,PZ784QR
1008,3,2022,Diesel,14,83000.00,,2022-01-01 00:00:00,2022-01-01 00:00:00,PZ704BK
1009,4,2022,Diesel,12,84900.00,,2022-01-01 00:00:00,2022-01-01 00:00:00,PZ190EM
1010,1,2022,Diesel,8,88900.00,,2022-01-01 00:00:00,2022-01-01 00:00:00,PZ419CC
1011,10,2022,Diesel,1,126000.00,,2022-01-01 00:00:00,2022-01-01 00:00:00,PZ278IF
1012,8,2022,Petrol,13,164700.00,,2022-01-01 00:00:00,2022-01-01 00:00:00,PZ202UM
1013,12,2022,Diesel,14,154200.00,,2022-01-01 00:00:00,2022-01-01 00:00:00,PZ674JW
1014,4,2022,Petrol,11,84900.00,,2022-01-01 00:00:00,2022-01-01 00:00:00,PZ663LR
1015,9,2022,Diesel,4,119400.00,,2022-01-01 00:00:00,2022-01-01 00:00:00,PZ209LH
1016,1,2022,Diesel,4,88900.00,,2022-01-01 00:00:00,2022-01-01 00:00:00,PZ306TX
1017,12,2022,Petrol,6,154200.00,,2022-01-01 00:00:00,2022-01-01 00:00:00,PZ586ZX
1018,5,2022,Petrol,13,111900.00,,2022-01-01 00:00:00,2022-01-01 00:00:00,PZ820OW
1019,1,2022,Petrol,11,88900.00,,2022-01-01 00:00:00,2022-01-01 00:00:00,PZ442CS
1020,8,2022,Petrol,5,164700.00,,2022-01-01 00:00:00,2022-01-01 00:00:00,PZ110WH
1021,1,2022,Petrol,1,88900.00,,2022-01-01 00:00:00,2022-01-01 00:00:00,PZ300BT
1022,5,2022,Petrol,6,111900.00,,2022-01-01 00:00:00,2022-01-01 00:00:00,PZ136TD
1023,10,2022,Diesel,6,126000.00,,2022-01-01 00:00:00,2022-01-01 00:00:00,PZ510XN
1024,11,2022,Petrol,10,202200.00,,2022-01-01 00:00:00,2022-01-01 00:00:00,PZ930EW
1025,10,2022,Diesel,15,126000.00,,2022-01-01 00:00:00,2022-01-01 00:00:00,PZ450QY
1026,5,2022,Petrol,4,111900.00,,2022-01-01 00:00:00,2022-01-01 00:00:00,PZ583LZ
1027,5,2022,Petrol,2,111900.00,,2022-01-01 00:00:00,2022-01-01 00:00:00,PZ382WD
1028,2,2022,Diesel,10,76500.00,,2022-01-01 00:00:00,2022-01-01 00:00:00,PZ579BZ
1029,3,2022,Diesel,14,83000.00,,2022-01-01 00:00:00,2022-01-01 00:00:00,PZ836AU
1030,1,2022,Petrol,8,88900.00,,2022-01-01 00:00:00,2022-01-01 00:00:00,PZ202AZ
1031,1,2022,Petrol,7,88900.00,,2022-01-01 00:00:00,2022-01-01 00:00:00,PZ320TY
1032,7,2022,Petrol,3,126000.00,,2022-01-01 00:00:00,2022-01-01 00:00:00,PZ980XV
1033,7,2022,Petrol,1,126000.00,,2022-01-01 00:00:00,2022-01-01 00:00:00,PZ390EZ
1034,9,2022,Diesel,6,119400.00,,2022-01-01 00:00:00,2022-01-01 00:00:00,PZ218HO
1035,3,2022,Diesel,15,83000.00,,2022-01-01 00:00:00,2022-01-01 00:00:00,PZ228CG
1036,11,2022,Petrol,4,202200.00,,2022-01-01 00:00:00,2022-01-01 00:00:00,PZ768SV
1037,4,2022,Petrol,6,84900.00,,2022-01-01 00:00:00,2022-01-01 00:00:00,PZ498ND
1038,11,2022,Diesel,5,202200.00,,2022-01-01 00:00:00,2022-01-01 00:00:00,PZ883AG
1039,7,2022,Diesel,8,126000.00,,2022-01-01 00:00:00,2022-01-01 00:00:00,PZ450MK
1040,4,2022,Petrol,15,84900.00,,2022-01-01 00:00:00,2022-01-01 00:00:00,PZ914XK
1041,9,2022,Diesel,3,119400.00,,2022-01-01 00:00:00,2022-01-01 00:00:00,PZ969TC
1042,6,2022,Diesel,14,100000.00,,2022-01-01 00:00:00,2022-01-01 00:00:00,PZ320YQ
1043,1,2022,Petrol,2,88900.00,,2022-01-01 00:00:00,2022-01-01 00:00:00,PZ618TV
1044,12,2022,Petrol,8,154200.00,,2022-01-01 00:00:00,2022-01-01 00:00:00,PZ902FW
1045,8,2022,Petrol,6,164700.00,,2022-01-01 00:00:00,2022-01-01 00:00:00,PZ344GQ
1046,5,2022,Diesel,3,111900.00,,2022-01-01 00:00:00,2022-01-01 00:00:00,PZ786XB
1047,7,2022,Petrol,13,126000.00,,2022-01-01 00:00:00,2022-01-01 00:00:00,PZ688EJ
1048,5,2022,Petrol,5,111900.00,,2022-01-01 00:00:00,2022-01-01 00:00:00,PZ593EY
1049,9,2022,Petrol,2,119400.00,,2022-01-01 00:00:00,2022-01-01 00:00:00,PZ464BH
1050,1,2022,Petrol,10,88900.00,,2022-01-01 00:00:00,2022-01-01 00:00:00,PZ993NZ
1051,1,2022,Petrol,12,88900.00,,2022-01-01 00:00:00,2022-01-01 00:00:00,PZ332VU
1052,9,2022,Petrol,8,119400.00,,2022-01-01 00:00:00,2022-01-01 00:00:00,PZ600PD
1053,3,2022,Petrol,15,83000.00,,2022-01-01 00:00:00,2022-01-01 00:00:00,PZ330SE
1054,10,2022,Petrol,6,126000.00,,2022-01-01 00:00:00,2022-01-01 00:00:00,PZ704WU
1055,2,2022,Diesel,2,76500.00,,2022-01-01 00:00:00,2022-01-01 00:00:00,PZ443EP
1056,9,2022,Petrol,12,119400.00,,2022-01-01 00:00:00,2022-01-01 00:00:00,PZ259YY
1057,8,2022,Petrol,6,164700.00,,2022-01-01 00:00:00,2022-01-01 00:00:00,PZ725ER
1058,11,2022,Diesel,9,202200.00,,2022-01-01 00:00:00,2022-01-01 00:00:00,PZ445PE
1059,10,2022,Diesel,1,126000.00,,2022-01-01 00:00:00,2022-01-01 00:00:00,PZ247NR
1060,3,2022,Diesel,11,83000.00,,2022-01-01 00:00:00,2022-01-01 00:00:00,PZ405WN
1061,10,2022,Diesel,13,126000.00,,2022-01-01 00:00:00,2022-01-01 00:00:00,PZ149UN
1062,1,2022,Diesel,2,88900.00,,2022-01-01 00:00:00,2022-01-01 00:00:00,PZ687AD
1063,4,2022,Petrol,8,84900.00,,2022-01-01 00:00:00,2022-01-01 00:00:00,PZ255VL
1064,2,2022,Petrol,12,76500.00,,2022-01-01 00:00:00,2022-01-01 00:00:00,PZ545KV
1065,8,2022,Petrol,7,164700.00,,2022-01-01 00:00:00,2022-01-01 00:00:00,PZ834ZY
1066,12,2022,Diesel,6,154200.00,,2022-01-01 00:00:00,2022-01-01 00:00:00,PZ922SK
1067,6,2022,Diesel,11,100000.00,,2022-01-01 00:00:00,2022-01-01 00:00:00,PZ973ZV
1068,11,2022,Petrol,15,202200.00,,2022-01-01 00:00:00,2022-01-01 00:00:00,PZ968KB
1069,6,2022,Petrol,7,100000.00,,2022-01-01 00:00:00,2022-01-01 00:00:00,PZ302RW
1070,5,2022,Diesel,14,111900.00,,2022-01-01 00:00:00,2022-01-01 00:00:00,PZ914ZQ
1071,8,2022,Petrol,12,164700.00,,2022-01-01 00:00:00,2022-01-01 00:00:00,PZ551KL
1072,9,2022,Diesel,14,119400.00,,2022-01-01 00:00:00,2022-01-01 00:00:00,PZ418JZ
1073,9,2022,Petrol,14,119400.00,,2022-01-01 00:00:00,2022-01-01 00:00:00,PZ234NA
1074,6,2022,Diesel,7,100000.00,,2022-01-01 00:00:00,2022-01-01 00:00:00,PZ532IM
1075,12,2022,Petrol,7,154200.00,,2022-01-01 00:00:00,2022-01-01 00:00:00,PZ817NV
1076,10,2022,Petrol,15,126000.00,,2022-01-01 00:00:00,2022-01-01 00:00:00,PZ201MD
1077,3,2022,Diesel,6,83000.00,,2022-01-01 00:00:00,2022-01-01 00:00:00,PZ393VB
1078,10,2022,Diesel,13,126000.00,,2022-01-01 00:00:00,2022-01-01 00:00:00,PZ824PT
1079,3,2022,Diesel,5,83000.00,,2022-01-01 00:00:00,2022-01-01 00:00:00,PZ714HQ
1080,12,2022,Petrol,12,154200.00,,2022-01-01 00:00:00,2022-01-01 00:00:00,PZ476TT
1081,1,2022,Petrol,4,88900.00,,2022-01-01 00:00:00,2022-01-01 00:00:00,PZ136EF
1082,12,2022,Petrol,8,154200.00,,2022-01-01 00:00:00,2022-01-01 00:00:00,PZ609SG
1083,2,2022,Diesel,9,76500.00,,2022-01-01 00:00:00,2022-01-01 00:00:00,PZ211LI
1084,8,2022,Petrol,7,164700.00,,2022-01-01 00:00:00,2022-01-01 00:00:00,PZ221UA
1085,6,2022,Diesel,14,100000.00,,2022-01-01 00:00:00,2022-01-01 00:00:00,PZ670KZ
1086,7,2022,Diesel,7,126000.00,,2022-01-01 00:00:00,2022-01-01 00:00:00,PZ208VT
1087,10,2022,Diesel,4,126000.00,,2022-01-01 00:00:00,2022-01-01 00:00:00,PZ241TS
1088,9,2022,Petrol,15,119400.00,,2022-01-01 00:00:00,2022-01-01 00:00:00,PZ853KR
1089,4,2022,diesle,7,84900.00,,2022-01-01 00:00:00,2022-01-01 00:00:00,PZ379CG
1090,3,2022,Diesel,14,83000.00,,2022-01-01 00:00:00,2022-01-01 00:00:00,PZ616WY
1091,5,2022,Petrol,9,111900.00,,2022-01-01 00:00:00,2022-01-01 00:00:00,PZ433LW
1092,8,2022,Petrol,10,164700.00,,2022-01-01 00:00:00,2022-01-01 00:00:00,PZ341IZ
1093,12,2022,Petrol,1,154200.00,,2022-01-01 00:00:00,2022-01-01 00:00:00,PZ756YV
1094,11,2022,Petrol,8,202200.00,,2022-01-01 00:00:00,2022-01-01 00:00:00,PZ965CY
1095,8,2022,Petrol,10,164700.00,,2022-01-01 00:00:00,2022-01-01 00:00:00,PZ734SG
1096,11,2022,Petrol,1,202200.00,,2022-01-01 00:00:00,2022-01-01 00:00:00,PZ784BT
1097,5,2022,Petrol,1,111900.00,,2022-01-01 00:00:00,2022-01-01 00:00:00,PZ903BG
1098,9,2022,Diesel,10,119400.00,,2022-01-01 00:00:00,2022-01-01 00:00:00,PZ164UE
1099,5,2022,Petrol,4,111900.00,,2022-01-01 00:00:00,2022-01-01 00:00:00,PZ333EL
1100,10,2022,Diesel,9,126000.00,,2022-01-01 00:00:00,2022-01-01 00:00:00,PZ311ZR
1101,6,2022,Diesel,12,100000.00,,2022-01-01 00:00:00,2022-01-01 00:00:00,PZ569PT
1102,7,2022,Petrol,12,126000.00,,2022-01-01 00:00:00,2022-01-01 00:00:00,PZ373LC
1103,6,2022,Petrol,6,100000.00,,2022-01-01 00:00:00,2022-01-01 00:00:00,PZ723YY
1104,5,2022,Diesel,8,111900.00,,2022-01-01 00:00:00,2022-01-01 00:00:00,PZ462VF
1105,12,2022,Petrol,2,154200.00,,2022-01-01 00:00:00,2022-01-01 00:00:00,PZ236VM
1106,8,2022,Diesel,7,164700.00,,2022-01-01 00:00:00,2022-01-01 00:00:00,PZ656HD
1107,8,2022,Petrol,15,164700.00,,2022-01-01 00:00:00,2022-01-01 00:00:00,PZ836CT
1108,3,2022,Petrol,13,83000.00,,2022-01-01 00:00:00,2022-01-01 00:00:00,PZ245EZ
1109,8,2022,Petrol,7,164700.00,,2022-01-01 00:00:00,2022-01-01 00:00:00,PZ954SL
1110,6,2022,Petrol,10,100000.00,,2022-01-01 00:00:00,2022-01-01 00:00:00,PZ449BL
1111,2,2022,Diesel,1,76500.00,,2022-01-01 00:00:00,2022-01-01 00:00:00,PZ277WN
1112,9,2022,Diesel,13,119400.00,,2022-01-01 00:00:00,2022-01-01 00:00:00,PZ140KU
1113,6,2022,Petrol,12,100000.00,,2022-01-01 00:00:00,2022-01-01 00:00:00,PZ610TY
1114,3,2022,Diesel,1,83000.00,,2022-01-01 00:00:00,2022-01-01 00:00:00,PZ170DV
1115,9,2022,Diesel,5,119400.00,,2022-01-01 00:00:00,2022-01-01 00:00:00,PZ156VB
1116,9,2022,Diesel,7,119400.00,,2022-01-01 00:00:00,2022-01-01 00:00:00,PZ645ZE
1117,6,2022,Petrol,6,100000.00,,2022-01-01 00:00:00,2022-01-01 00:00:00,PZ585HU
1118,10,2022,Petrol,6,126000.00,,2022-01-01 00:00:00,2022-01-01 00:00:00,PZ574UW
1119,10,2022,Diesel,3,126000.00,,2022-01-01 00:00:00,2022-01-01 00:00:00,PZ395CW
1120,6,2022,Petrol,7,100000.00,,2022-01-01 00:00:00,2022-01-01 00:00:00,PZ278QV
1121,9,2022,Petrol,5,119400.00,,2022-01-01 00:00:00,2022-01-01 00:00:00,PZ261KF
1122,10,2022,Diesel,15,126000.00,,2022-01-01 00:00:00,2022-01-01 00:00:00,PZ759WO
1123,6,2022,Diesel,11,100000.00,,2022-01-01 00:00:00,2022-01-01 00:00:00,PZ189XH
1124,4,2022,Petrol,10,84900.00,,2022-01-01 00:00:00,2022-01-01 00:00:00,PZ163WS
1125,3,2022,Petrol,13,83000.00,,2022-01-01 00:00:00,2022-01-01 00:00:00,PZ135PN
1126,1,2022,Diesel,6,88900.00,,2022-01-01 00:00:00,2022-01-01 00:00:00,PZ459JR
1127,5,2022,Petrol,8,111900.00,,2022-01-01 00:00:00,2022-01-01 00:00:00,PZ821SA
1128,6,2022,Petrol,6,100000.00,,2022-01-01 00:00:00,2022-01-01 00:00:00,PZ857BY
1129,7,2022,Petrol,1,126000.00,,2022-01-01 00:00:00,2022-01-01 00:00:00,PZ908QL
1130,10,2022,Diesel,10,126000.00,,2022-01-01 00:00:00,2022-01-01 00:00:00,PZ342UA
1131,6,2022,Diesel,8,100000.00,,2022-01-01 00:00:00,2022-01-01 00:00:00,PZ160WX
1132,11,2022,Petrol,10,202200.00,,2022-01-01 00:00:00,2022-01-01 00:00:00,PZ215XV
1133,7,2022,Petrol,14,126000.00,,2022-01-01 00:00:00,2022-01-01 00:00:00,PZ840VO
1134,3,2022,Petrol,11,83000.00,,2022-01-01 00:00:00,2022-01-01 00:00:00,PZ164AA
1135,6,2022,Petrol,2,100000.00,,2022-01-01 00:00:00,2022-01-01 00:00:00,PZ651PC
1136,3,2022,Diesel,6,83000.00,,2022-01-01 00:00:00,2022-01-01 00:00:00,PZ547UY
1137,6,2022,Diesel,6,100000.00,,2022-01-01 00:00:00,2022-01-01 00:00:00,PZ169QO
1138,3,2022,Petrol,8,83000.00,,2022-01-01 00:00:00,2022-01-01 00:00:00,PZ765OE
1139,12,2022,Diesel,15,154200.00,,2022-01-01 00:00:00,2022-01-01 00:00:00,PZ171BW
1140,5,2022,Petrol,4,111900.00,,2022-01-01 00:00:00,2022-01-01 00:00:00,PZ882IP
1141,5,2022,Petrol,10,111900.00,,2022-01-01 00:00:00,2022-01-01 00:00:00,PZ395SU
1142,4,2022,Diesel,13,84900.00,,2022-01-01 00:00:00,2022-01-01 00:00:00,PZ359KD
1143,11,2022,Diesel,10,202200.00,,2022-01-01 00:00:00,2022-01-01 00:00:00,PZ899RV
1144,7,2022,Diesel,12,126000.00,,2022-01-01 00:00:00,2022-01-01 00:00:00,PZ876LG
1145,6,2022,Petrol,9,100000.00,,2022-01-01 00:00:00,2022-01-01 00:00:00,PZ490FX
1146,7,2022,Petrol,3,126000.00,,2022-01-01 00:00:00,2022-01-01 00:00:00,PZ341AU
1147,3,2022,Diesel,2,83000.00,,2022-01-01 00:00:00,2022-01-01 00:00:00,PZ619AT
1148,10,2022,Diesel,6,126000.00,,2022-01-01 00:00:00,2022-01-01 00:00:00,PZ465VH
1149,1,2022,Petrol,2,88900.00,,2022-01-01 00:00:00,2022-01-01 00:00:00,PZ904MU
1150,6,2022,Diesel,7,100000.00,,2022-01-01 00:00:00,2022-01-01 00:00:00,PZ300ZZ
1151,6,2022,Diesel,4,100000.00,,2022-01-01 00:00:00,2022-01-01 00:00:00,PZ751HS
1152,8,2022,Petrol,2,164700.00,,2022-01-01 00:00:00,2022-01-01 00:00:00,PZ743TT
1153,10,2022,Diesel,2,126000.00,,2022-01-01 00:00:00,2022-01-01 00:00:00,PZ476CI
1154,5,2022,Petrol,9,111900.00,,2022-01-01 00:00:00,2022-01-01 00:00:00,PZ308HY
1155,3,2022,Diesel,8,83000.00,,2022-01-01 00:00:00,2022-01-01 00:00:00,PZ285UJ
1156,10,2022,Diesel,15,126000.00,,2022-01-01 00:00:00,2022-01-01 00:00:00,PZ410XD
1157,12,2022,Diesel,15,154200.00,,2022-01-01 00:00:00,2022-01-01 00:00:00,PZ109XN
1158,10,2022,Petrol,3,126000.00,,2022-01-01 00:00:00,2022-01-01 00:00:00,PZ723DO
1159,6,2022,Petrol,9,100000.00,,2022-01-01 00:00:00,2022-01-01 00:00:00,PZ441BK
1160,11,2022,Petrol,4,202200.00,,2022-01-01 00:00:00,2022-01-01 00:00:00,PZ992OI
1161,9,2022,Diesel,14,119400.00,,2022-01-01 00:00:00,2022-01-01 00:00:00,PZ120IX
1162,10,2022,Petrol,2,126000.00,,2022-01-01 00:00:00,2022-01-01 00:00:00,PZ446PC
1163,2,2022,Petrol,9,76500.00,,2022-01-01 00:00:00,2022-01-01 00:00:00,PZ501RQ
1164,4,2022,Diesel,2,84900.00,,2022-01-01 00:00:00,2022-01-01 00:00:00,PZ246LX
1165,5,2022,Petrol,1,111900.00,,2022-01-01 00:00:00,2022-01-01 00:00:00,PZ580QW
1166,1,2022,Diesel,9,88900.00,,2022-01-01 00:00:00,2022-01-01 00:00:00,PZ910UR
1167,10,2022,Diesel,1,126000.00,,2022-01-01 00:00:00,2022-01-01 00:00:00,PZ607BL
1168,10,2022,Diesel,3,126000.00,,2022-01-01 00:00:00,2022-01-01 00:00:00,PZ254RX
1169,7,2022,Petrol,15,126000.00,,2022-01-01 00:00:00,2022-01-01 00:00:00,PZ880OL
1170,12,2022,Diesel,1,154200.00,,2022-01-01 00:00:00,2022-01-01 00:00:00,PZ607PX
1171,8,2022,Diesel,15,164700.00,,2022-01-01 00:00:00,2022-01-01 00:00:00,PZ271SE
1172,2,2022,Petrol,14,76500.00,,2022-01-01 00:00:00,2022-01-01 00:00:00,PZ148KZ
1173,5,2022,Petrol,9,111900.00,,2022-01-01 00:00:00,2022-01-01 00:00:00,PZ115PN
1174,11,2022,Diesel,11,202200.00,,2022-01-01 00:00:00,2022-01-01 00:00:00,PZ577YL
1175,6,2022,Diesel,13,100000.00,,2022-01-01 00:00:00,2022-01-01 00:00:00,PZ734JV
1176,9,2022,Diesel,11,119400.00,,2022-01-01 00:00:00,2022-01-01 00:00:00,PZ739PT
1177,8,2022,Diesel,9,164700.00,,2022-01-01 00:00:00,2022-01-01 00:00:00,PZ408AQ
1178,1,2022,Diesel,1,88900.00,,2022-01-01 00:00:00,2022-01-01 00:00:00,PZ338LC
1179,3,2022,Petol,12,83000.00,,2022-01-01 00:00:00,2022-01-01 00:00:00,PZ375QD
1180,6,2022,Diesel,6,100000.00,,2022-01-01 00:00:00,2022-01-01 00:00:00,PZ133VL
1181,4,2022,Petrol,11,84900.00,,2022-01-01 00:00:00,2022-01-01 00:00:00,PZ220AH
1182,9,2022,Petrol,9,119400.00,,2022-01-01 00:00:00,2022-01-01 00:00:00,PZ175GO
1183,7,2022,Diesel,3,126000.00,,2022-01-01 00:00:00,2022-01-01 00:00:00,PZ776CZ
1184,10,2022,Diesel,13,126000.00,,2022-01-01 00:00:00,2022-01-01 00:00:00,PZ579KA
1185,10,2022,Petrol,5,126000.00,,2022-01-01 00:00:00,2022-01-01 00:00:00,PZ582KR
1186,10,2022,Petrol,14,126000.00,,2022-01-01 00:00:00,2022-01-01 00:00:00,PZ168XV
1187,6,2022,Diesel,5,100000.00,,2022-01-01 00:00:00,2022-01-01 00:00:00,PZ416EF
1188,11,2022,Diesel,10,202200.00,,2022-01-01 00:00:00,2022-01-01 00:00:00,PZ174CN
1189,9,2022,Petrol,4,119400.00,,2022-01-01 00:00:00,2022-01-01 00:00:00,PZ714TZ
1190,3,2022,Petrol,13,83000.00,,2022-01-01 00:00:00,2022-01-01 00:00:00,PZ687VG
1191,11,2022,Diesel,5,202200.00,,2022-01-01 00:00:00,2022-01-01 00:00:00,PZ924PL
1192,10,2022,Diesel,7,126000.00,,2022-01-01 00:00:00,2022-01-01 00:00:00,PZ746BO
1193,3,2022,Petrol,15,83000.00,,2022-01-01 00:00:00,2022-01-01 00:00:00,PZ537ZT
1194,3,2022,Diesel,7,111.00,,2022-01-01 00:00:00,2023-01-15 10:35:28,PZ363VM